time,massFlow,signal,unit,anomaly
60.00066085,0.430400398042255,2019_07_01,A1,1
120.00040185,0.480976340976573,2019_07_01,A1,1
180.00054765,0.454491855187118,2019_07_01,A1,1
240.00051035,0.43822356793556,2019_07_01,A1,1
300.00055735,0.431184150894147,2019_07_01,A1,1
360.00098995,0.426544907358843,2019_07_01,A1,1
420.00069045,0.210940861880945,2019_07_01,A1,1
480.00101455,0.282409560367977,2019_07_01,A1,1
540.00021085,0.284206685882885,2019_07_01,A1,1
600.00061545,0.281552150377129,2019_07_01,A1,1
660.00042635,0.281682636740188,2019_07_01,A1,1
720.00016675,0.276072842739581,2019_07_01,A1,1
780.00038655,0.273273062722217,2019_07_01,A1,1
840.00025475,0.273549544831078,2019_07_01,A1,1
900.00185765,0.274199522398064,2019_07_01,A1,1
960.00227795,0.277645774045446,2019_07_01,A1,1
1020.00217395,0.27543849149366,2019_07_01,A1,1
1080.00265795,0.269898181236302,2019_07_01,A1,1
1140.00286395,0.26265800929939,2019_07_01,A1,1
1200.00402895,0.266652016409477,2019_07_01,A1,1
1260.00312395,0.262447104241475,2019_07_01,A1,1
1320.00306795,0.260453781904842,2019_07_01,A1,1
1380.00507095,0.261663468355915,2019_07_01,A1,1
1440.00553095,0.263771533880244,2019_07_01,A1,1
1500.00556995,0.259900283440037,2019_07_01,A1,1
1560.00547795,0.25488442273956,2019_07_01,A1,1
1620.00559795,0.254107231009882,2019_07_01,A1,1
1680.00548095,0.25356132869049,2019_07_01,A1,1
1740.00707795,0.254167649414233,2019_07_01,A1,1
1800.00629595,0.260288687287948,2019_07_01,A1,1
1860.00694495,0.26045064328025,2019_07_01,A1,1
1920.00709095,0.262204646086962,2019_07_01,A1,1
1980.00609495,0.257641096826225,2019_07_01,A1,1
2040.00619295,0.256172424368124,2019_07_01,A1,1
2100.00622895,0.254022087698672,2019_07_01,A1,1
2160.00624295,0.253647340146209,2019_07_01,A1,1
2220.00627295,0.254111321246337,2019_07_01,A1,1
2280.00636295,0.252480375591979,2019_07_01,A1,1
2340.00648995,0.251257567036523,2019_07_01,A1,1
2400.00646795,0.253437954306173,2019_07_01,A1,1
2460.00639395,0.256875641558827,2019_07_01,A1,1
2520.00641295,0.252533331426693,2019_07_01,A1,1
2580.00639395,0.253324279612643,2019_07_01,A1,1
2640.00648295,0.255319455092589,2019_07_01,A1,1
2700.00648795,0.254240572152511,2019_07_01,A1,1
2760.00653395,0.256563933453685,2019_07_01,A1,1
2820.00657595,0.249903504190343,2019_07_01,A1,1
2880.00668395,0.254311057504007,2019_07_01,A1,1
2940.00678095,0.252911417897387,2019_07_01,A1,1
3000.00681795,0.256625837688973,2019_07_01,A1,1
3060.00684695,0.246391224712286,2019_07_01,A1,1
3120.00694095,0.252676956531587,2019_07_01,A1,1
3180.00699395,0.253784337439033,2019_07_01,A1,1
3240.00713795,0.253996260882695,2019_07_01,A1,1
3300.00810895,0.251352794016359,2019_07_01,A1,1
3360.00711595,0.254784404341479,2019_07_01,A1,1
3420.00712895,0.256151622678983,2019_07_01,A1,1
3480.00717995,0.252397185556897,2019_07_01,A1,1
3540.00736795,0.255099935531524,2019_07_01,A1,1
3600.00736195,0.257604735617911,2019_07_01,A1,1
3660.00740895,0.252677340509424,2019_07_01,A1,1
3720.00748295,0.253771616033968,2019_07_01,A1,1
3780.00754495,0.25596487497793,2019_07_01,A1,1
3840.00761495,0.25598721257842,2019_07_01,A1,1
3900.00767895,0.254898963872988,2019_07_01,A1,1
3960.00777995,0.257718360231029,2019_07_01,A1,1
4020.00781695,0.255880466207443,2019_07_01,A1,1
4080.00786795,0.254662515816108,2019_07_01,A1,1
4140.00785995,0.251102155416946,2019_07_01,A1,1
4200.00798295,0.253202023802906,2019_07_01,A1,1
4260.00806295,0.254459874698455,2019_07_01,A1,1
4320.00908295,0.252366016410128,2019_07_01,A1,1
4380.01008095,0.250013489346736,2019_07_01,A1,1
4440.00934595,0.252531979143522,2019_07_01,A1,1
4500.00930395,0.251694435839394,2019_07_01,A1,1
4560.00938995,0.251297684583867,2019_07_01,A1,1
4620.00957295,0.255900633488675,2019_07_01,A1,1
4680.00954995,0.251909598040463,2019_07_01,A1,1
4740.00974695,0.250607572804075,2019_07_01,A1,1
4800.00968595,0.250042721882838,2019_07_01,A1,1
4860.00932695,0.25033584869851,2019_07_01,A1,1
4920.00947795,0.255830265019484,2019_07_01,A1,1
4980.00951095,0.258558691568852,2019_07_01,A1,1
5040.00946395,0.253903421237238,2019_07_01,A1,1
5100.00953095,0.254405850397583,2019_07_01,A1,1
5160.00956595,0.254032989375375,2019_07_01,A1,1
5220.00962595,0.256512597053693,2019_07_01,A1,1
5280.00967595,0.257656789921175,2019_07_01,A1,1
5340.00977195,0.252540159588421,2019_07_01,A1,1
5400.00977195,0.25288802852421,2019_07_01,A1,1
5460.00984495,0.254550243486161,2019_07_01,A1,1
5520.00990195,0.247665653512755,2019_07_01,A1,1
5580.00991895,0.250900349000843,2019_07_01,A1,1
5640.00966195,0.252113591469295,2019_07_01,A1,1
5700.00970095,0.257954424310071,2019_07_01,A1,1
5760.00978295,0.257418338507753,2019_07_01,A1,1
5820.00980595,0.249917928469475,2019_07_01,A1,1
5880.00986295,0.251843436662022,2019_07_01,A1,1
5940.00990095,0.250013756470278,2019_07_01,A1,1
6000.00994695,0.254545034703136,2019_07_01,A1,1
6060.01004095,0.253156730887488,2019_07_01,A1,1
6120.01007895,0.252806224159241,2019_07_01,A1,1
6180.00909795,0.251906242400751,2019_07_01,A1,1
6240.00923595,0.251467002956972,2019_07_01,A1,1
6300.00931595,0.246817776137941,2019_07_01,A1,1
6360.00923995,0.257622732579885,2019_07_01,A1,1
6420.00921095,0.24781063090082,2019_07_01,A1,1
6480.00926995,0.252906025486184,2019_07_01,A1,1
6540.00928495,0.254899648361309,2019_07_01,A1,1
6600.00943795,0.253876175392215,2019_07_01,A1,1
6660.00946395,0.25165673904138,2019_07_01,A1,1
6720.00954195,0.253538223106316,2019_07_01,A1,1
6780.00954795,0.254321324772802,2019_07_01,A1,1
6840.00964895,0.252126797041032,2019_07_01,A1,1
6900.00974195,0.25374156543377,2019_07_01,A1,1
6960.00970795,0.253594350952563,2019_07_01,A1,1
7020.00971595,0.254692132358056,2019_07_01,A1,1
7080.00980595,0.251620477993891,2019_07_01,A1,1
7140.00989795,0.25083747648823,2019_07_01,A1,1
7200.00995195,0.251428972261533,2019_07_01,A1,1
7260.01004995,0.248732566281963,2019_07_01,A1,1
7320.01009195,0.251272826073223,2019_07_01,A1,1
7380.00988595,0.252974908124438,2019_07_01,A1,1
7440.00988195,0.249206113497102,2019_07_01,A1,1
7500.00992595,0.258847561213362,2019_07_01,A1,1
7560.01105595,0.253852769297558,2019_07_01,A1,1
7620.01110295,0.256054475809961,2019_07_01,A1,1
7680.01014695,0.254914573500583,2019_07_01,A1,1
7740.01018295,0.252315264309624,2019_07_01,A1,1
7800.01024595,0.252987228858195,2019_07_01,A1,1
7860.01034195,0.255084192384172,2019_07_01,A1,1
7920.01032795,0.246972052517477,2019_07_01,A1,1
7980.01045095,0.250905324047268,2019_07_01,A1,1
8040.01060595,0.247741381006209,2019_07_01,A1,1
8100.01071195,0.253121438145332,2019_07_01,A1,1
8160.01045895,0.25256445046504,2019_07_01,A1,1
8220.01046095,0.253083023472056,2019_07_01,A1,1
8280.01054495,0.253933471837436,2019_07_01,A1,1
8340.01063595,0.25244723647561,2019_07_01,A1,1
8400.01069395,0.252824605099052,2019_07_01,A1,1
8460.01086395,0.252730914030566,2019_07_01,A1,1
8520.01084395,0.247104291807005,2019_07_01,A1,1
8580.01094495,0.245743985098583,2019_07_01,A1,1
8640.01083395,0.256219002792829,2019_07_01,A1,1
8700.01085295,0.250923871949796,2019_07_01,A1,1
8760.01095395,0.249666922585697,2019_07_01,A1,1
8820.01089895,0.247439823343575,2019_07_01,A1,1
8880.01089995,0.247614250310871,2019_07_01,A1,1
8940.01189995,0.247540042035297,2019_07_01,A1,1
9000.01204895,0.246539123709823,2019_07_01,A1,1
9060.01206595,0.247412494003189,2019_07_01,A1,1
9120.01113295,0.2497382092518,2019_07_01,A1,1
9180.01123295,0.252561345255399,2019_07_01,A1,1
9240.01128495,0.251094242095589,2019_07_01,A1,1
9300.01134495,0.248786106416164,2019_07_01,A1,1
9360.01139095,0.25007816489424,2019_07_01,A1,1
9420.01145695,0.247962670187214,2019_07_01,A1,1
9480.01122295,0.245158432677039,2019_07_01,A1,1
9540.01126995,0.249830381102407,2019_07_01,A1,1
9600.01151595,0.249534482946509,2019_07_01,A1,1
9660.01208095,0.250030417842551,2019_07_01,A1,1
9720.01125595,0.253800681635362,2019_07_01,A1,1
9780.01135995,0.253314579949865,2019_07_01,A1,1
9840.01126695,0.25554221343907,2019_07_01,A1,1
9900.01134695,0.253498639806057,2019_07_01,A1,1
9960.01143795,0.24820255737917,2019_07_01,A1,1
10020.01146795,0.251888495868848,2019_07_01,A1,1
10080.01149795,0.252971953156034,2019_07_01,A1,1
10140.01151795,0.25442633488277,2019_07_01,A1,1
10200.01158795,0.25427571465343,2019_07_01,A1,1
10260.01161795,0.256685054023381,2019_07_01,A1,1
10320.01171795,0.257413530396036,2019_07_01,A1,1
10380.01171795,0.256150470745471,2019_07_01,A1,1
10440.01259795,0.256760581195185,2019_07_01,A1,1
10500.01267795,0.25333593257956,2019_07_01,A1,1
10560.01263795,0.258433180280227,2019_07_01,A1,1
10620.01270795,0.261433297548218,2019_07_01,A1,1
10680.01387795,0.260612732820319,2019_07_01,A1,1
10740.01397795,0.263835391391661,2019_07_01,A1,1
10800.01314795,0.259358638263798,2019_07_01,A1,1
10860.01420795,0.259400074679362,2019_07_01,A1,1
10920.01432795,0.257680880476144,2019_07_01,A1,1
10980.01444795,0.253747792574531,2019_07_01,A1,1
11040.01418795,0.262280507128182,2019_07_01,A1,1
11100.01429795,0.258409173192612,2019_07_01,A1,1
11160.01438795,0.258933622749493,2019_07_01,A1,1
11220.01443795,0.261122223850984,2019_07_01,A1,1
11280.01420795,0.261525385903462,2019_07_01,A1,1
11340.01425795,0.257016395162671,2019_07_01,A1,1
11400.01436795,0.263705923442358,2019_07_01,A1,1
11460.01544795,0.264041588526694,2019_07_01,A1,1
11520.01550795,0.258190972527776,2019_07_01,A1,1
11580.01555795,0.256501995859464,2019_07_01,A1,1
11640.01655795,0.258280807096408,2019_07_01,A1,1
11700.01656795,0.256891201078001,2019_07_01,A1,1
11760.01668795,0.258323378752013,2019_07_01,A1,1
11820.01686795,0.264557306698121,2019_07_01,A1,1
11880.01704795,0.260958364662966,2019_07_01,A1,1
11940.01678795,0.25997841496134,2019_07_01,A1,1
12000.01680795,0.255634034670772,2019_07_01,A1,1
12060.01684795,0.25791834691877,2019_07_01,A1,1
12120.01698795,0.260165930646078,2019_07_01,A1,1
12180.01621795,0.263838129316936,2019_07_01,A1,1
12240.01626795,0.25600225457199,2019_07_01,A1,1
12300.01637795,0.256806157899606,2019_07_01,A1,1
12360.01639795,0.258163342676907,2019_07_01,A1,1
12420.01656795,0.254892018856964,2019_07_01,A1,1
12480.01657795,0.251807526205428,2019_07_01,A1,1
12540.01673795,0.255169001797957,2019_07_01,A1,1
12600.01678795,0.249024875033539,2019_07_01,A1,1
12660.01689795,0.250869797568512,2019_07_01,A1,1
12720.01661795,0.253175746235208,2019_07_01,A1,1
12780.01668795,0.251704903457848,2019_07_01,A1,1
12840.01669795,0.255754353897852,2019_07_01,A1,1
12900.01676795,0.255363646154907,2019_07_01,A1,1
12960.01692795,0.25569503737461,2019_07_01,A1,1
13020.01667795,0.255371342433135,2019_07_01,A1,1
13080.01655795,0.256678793495677,2019_07_01,A1,1
13140.01661795,0.252131304614257,2019_07_01,A1,1
13200.01669795,0.246500391832592,2019_07_01,A1,1
13260.01625795,0.250116395911329,2019_07_01,A1,1
13320.01640795,0.251842050991909,2019_07_01,A1,1
13380.01642795,0.253752483803944,2019_07_01,A1,1
13440.01654795,0.250349805532451,2019_07_01,A1,1
13500.01641795,0.252272659239068,2019_07_01,A1,1
13560.01665795,0.247036460941439,2019_07_01,A1,1
13620.01683795,0.252468555690355,2019_07_01,A1,1
13680.01771795,0.248313477425945,2019_07_01,A1,1
13740.01919795,0.256283912048924,2019_07_01,A1,1
13800.01885795,0.257477872046115,2019_07_01,A1,1
13860.01854795,0.258299538627115,2019_07_01,A1,1
13920.01891795,0.248611946572409,2019_07_01,A1,1
13980.01853795,0.248775622104239,2019_07_01,A1,1
14040.01866795,0.249066528492232,2019_07_01,A1,1
14100.01871795,0.246409188287318,2019_07_01,A1,1
14160.01876795,0.252389572746023,2019_07_01,A1,1
14220.01879795,0.25247863933097,2019_07_01,A1,1
14280.01941795,0.249681079741287,2019_07_01,A1,1
14340.01855795,0.248911934908743,2019_07_01,A1,1
14400.01870795,0.258029133417779,2019_07_01,A1,1
14460.01840795,0.249430741652358,2019_07_01,A1,1
14520.01855795,0.246023021532549,2019_07_01,A1,1
14580.01864795,0.248984073025884,2019_07_01,A1,1
14640.01880795,0.251209903480198,2019_07_01,A1,1
14700.01887795,0.246466685082198,2019_07_01,A1,1
14760.01896795,0.242903419767036,2019_07_01,A1,1
14820.01912795,0.247801281828938,2019_07_01,A1,1
14880.01910795,0.24297143428879,2019_07_01,A1,1
14940.01818795,0.24944247805862,2019_07_01,A1,1
15000.01922795,0.249467603692805,2019_07_01,A1,1
15060.01933795,0.253366867989728,2019_07_01,A1,1
15120.01943795,0.252443730566652,2019_07_01,A1,1
15180.01946795,0.255782501274325,2019_07_01,A1,1
15240.01959795,0.252298168851091,2019_07_01,A1,1
15300.01965795,0.252156480328855,2019_07_01,A1,1
15360.01974795,0.250850715446909,2019_07_01,A1,1
15420.01971795,0.253141889243577,2019_07_01,A1,1
15480.01964795,0.252200504456465,2019_07_01,A1,1
15540.01980795,0.248291440335938,2019_07_01,A1,1
15600.01967795,0.255635520501709,2019_07_01,A1,1
15660.01929795,0.243646120097174,2019_07_01,A1,1
15720.02029795,0.248234310825426,2019_07_01,A1,1
15780.02047795,0.252889631237452,2019_07_01,A1,1
15840.02154795,0.252293894986458,2019_07_01,A1,1
15900.02174795,0.25350381520214,2019_07_01,A1,1
15960.02169795,0.260165563361711,2019_07_01,A1,1
16020.02178795,0.255629877688444,2019_07_01,A1,1
16080.02184795,0.25301941639071,2019_07_01,A1,1
16140.02255795,0.255876609707589,2019_07_01,A1,1
16200.02255795,0.253957345349276,2019_07_01,A1,1
16260.02251795,0.252196898386682,2019_07_01,A1,1
16320.02303795,0.255892920516976,2019_07_01,A1,1
16380.02215795,0.255180604684461,2019_07_01,A1,1
16440.02220795,0.255622882563998,2019_07_01,A1,1
16500.02299795,0.259032472492582,2019_07_01,A1,1
16560.02310795,0.252381709505078,2019_07_01,A1,1
16620.02211795,0.25758413427843,2019_07_01,A1,1
16680.02229795,0.256181673279182,2019_07_01,A1,1
16740.02297795,0.260643467880829,2019_07_01,A1,1
16800.02304795,0.254322259691194,2019_07_01,A1,1
16860.02318795,0.258963723430104,2019_07_01,A1,1
16920.02408795,0.253765706069151,2019_07_01,A1,1
16980.02323795,0.254493781770499,2019_07_01,A1,1
17040.02315795,0.252283126857521,2019_07_01,A1,1
17100.02361795,0.254897060677272,2019_07_01,A1,1
17160.02369795,0.259973373141032,2019_07_01,A1,1
17220.02374795,0.255764955092081,2019_07_01,A1,1
17280.02386795,0.256652716249629,2019_07_01,A1,1
17340.02396795,0.262629310982362,2019_07_01,A1,1
17400.02506795,0.259152825106603,2019_07_01,A1,1
17460.02418795,0.255285798422608,2019_07_01,A1,1
17520.02429795,0.253844839282729,2019_07_01,A1,1
17580.02446795,0.25444426507086,2019_07_01,A1,1
17640.02506795,0.256763786565651,2019_07_01,A1,1
17700.02418795,0.252434047597344,2019_07_01,A1,1
17760.02425795,0.255747291999523,2019_07_01,A1,1
17820.02492795,0.254034458512842,2019_07_01,A1,1
17880.02501795,0.254117481613215,2019_07_01,A1,1
17940.02415795,0.256972554691249,2019_07_01,A1,1
18000.02478795,0.259161756813707,2019_07_01,A1,0
18060.02476795,0.258292510143736,2019_07_01,A1,0
18120.02443795,0.260531729797966,2019_07_01,A1,0
18180.02455795,0.259998832672643,2019_07_01,A1,0
18240.02421795,0.255771048657067,2019_07_01,A1,0
18300.02420795,0.264719162529598,2019_07_01,A1,0
18360.02440795,0.262026145576682,2019_07_01,A1,0
18420.02706795,0.261543115741893,2019_07_01,A1,0
18480.02645795,0.261024960127666,2019_07_01,A1,0
18540.02645795,0.262407070189494,2019_07_01,A1,0
18600.02686795,0.260479091167206,2019_07_01,A1,0
18660.02709795,0.259203009601092,2019_07_01,A1,0
18720.02702795,0.260933138867955,2019_07_01,A1,0
18780.02677795,0.255492145826886,2019_07_01,A1,0
18840.02653795,0.252060335152107,2019_07_01,A1,0
18900.02637795,0.256110687095553,2019_07_01,A1,0
18960.02729795,0.259629811428809,2019_07_01,A1,0
19020.02735795,0.260279154587887,2019_07_01,A1,0
19080.02722795,0.252075610854269,2019_07_01,A1,0
19140.02836795,0.25943055933781,2019_07_01,A1,0
19200.02845795,0.254816925771419,2019_07_01,A1,0
19260.02856795,0.25630084054474,2019_07_01,A1,0
19320.02826795,0.261004141745055,2019_07_01,A1,0
19380.02898795,0.248874471847329,2019_07_01,A1,0
19440.02902795,0.255339872803892,2019_07_01,A1,0
19500.02810795,0.249141304373823,2019_07_01,A1,0
19560.02821795,0.251171605661217,2019_07_01,A1,0
19620.02828795,0.249200370495003,2019_07_01,A1,0
19680.02811795,0.249348536588072,2019_07_01,A1,0
19740.02814795,0.251311007009899,2019_07_01,A1,0
19800.02829795,0.250206647844739,2019_07_01,A1,0
19860.02837795,0.255301675173745,2019_07_01,A1,0
19920.02956795,0.250716856778676,2019_07_01,A1,0
19980.03061795,0.246585451704457,2019_07_01,A1,0
20040.03037795,0.247774436655223,2019_07_01,A1,0
20100.03105795,0.253497704915674,2019_07_01,A1,0
20160.03113795,0.256372544603631,2019_07_01,A1,0
20220.03015795,0.24983752644008,2019_07_01,A1,0
20280.03013795,0.250962203127709,2019_07_01,A1,0
20340.03079795,0.242489422839748,2019_07_01,A1,0
20400.03081795,0.244096545034669,2019_07_01,A1,0
20460.03094795,0.250573064711065,2019_07_01,A1,0
20520.03073795,0.247645836822419,2019_07_01,A1,0
20580.03196795,0.24808866564251,2019_07_01,A1,0
20640.03204795,0.248096011329843,2019_07_01,A1,0
20700.03112795,0.246900415260477,2019_07_01,A1,0
20760.03191795,0.240065575695301,2019_07_01,A1,0
20820.03156795,0.250198567588673,2019_07_01,A1,0
20880.03160795,0.243510007614321,2019_07_01,A1,0
20940.03175795,0.251627372929503,2019_07_01,A1,0
21000.03197795,0.242266898229867,2019_07_01,A1,0
21060.03182795,0.24611639539708,2019_07_01,A1,0
21120.03177795,0.249978079722275,2019_07_01,A1,0
21180.03191795,0.246522211907478,2019_07_01,A1,0
21240.03200795,0.247045392648542,2019_07_01,A1,0
21300.03183795,0.243373861744525,2019_07_01,A1,0
21360.03181795,0.24717850008258,2019_07_01,A1,0
21420.03196795,0.249529691556272,2019_07_01,A1,0
21480.03204795,0.244905890881911,2019_07_01,A1,0
21540.03117795,0.246671262810517,2019_07_01,A1,0
21600.03131795,0.24733664965544,2019_07_01,A1,0
21660.03132795,0.246993505307996,2019_07_01,A1,0
21720.03141795,0.249647890544506,2019_07_01,A1,0
21780.03152795,0.243493980649956,2019_07_01,A1,0
21840.03127795,0.249962520203102,2019_07_01,A1,0
21900.03136795,0.246121570765154,2019_07_01,A1,0
21960.03135795,0.245940265555717,2019_07_01,A1,0
22020.03152795,0.249357050930397,2019_07_01,A1,0
22080.03163795,0.24576714076317,2019_07_01,A1,0
22140.03143795,0.249222357504597,2019_07_01,A1,0
22200.03192795,0.247233692982426,2019_07_01,A1,0
22260.03310795,0.246035542615965,2019_07_01,A1,0
22320.03222795,0.243984055661593,2019_07_01,A1,0
22380.03225795,0.254713702002872,2019_07_01,A1,0
22440.03238795,0.24509829811771,2019_07_01,A1,0
22500.03216795,0.24567934296603,2019_07_01,A1,0
22560.03228795,0.247533864974947,2019_07_01,A1,0
22620.03208795,0.245864254245251,2019_07_01,A1,0
22680.03213795,0.247766857203281,2019_07_01,A1,0
22740.03226795,0.246679126051463,2019_07_01,A1,0
22800.03229795,0.250839279523122,2019_07_01,A1,0
22860.03243795,0.250769896052735,2019_07_01,A1,0
22920.03262795,0.251411993685305,2019_07_01,A1,0
22980.03298795,0.250786674307313,2019_07_01,A1,0
23040.03369795,0.249516202167523,2019_07_01,A1,0
23100.03388795,0.251133207681411,2019_07_01,A1,0
23160.03399795,0.246077413089778,2019_07_01,A1,0
23220.03500795,0.249972837580318,2019_07_01,A1,0
23280.03499795,0.241145426912703,2019_07_01,A1,0
23340.03504795,0.248533848410039,2019_07_01,A1,0
23400.03410795,0.248099734281931,2019_07_01,A1,0
23460.03420795,0.251831216089089,2019_07_01,A1,0
23520.03424795,0.242402476465637,2019_07_01,A1,0
23580.03424795,0.24566318242589,2019_07_01,A1,0
23640.03434795,0.248351541508326,2019_07_01,A1,0
23700.03449795,0.245698825758941,2019_07_01,A1,0
23760.03449795,0.24950752089049,2019_07_01,A1,0
23820.03442795,0.251300205494021,2019_07_01,A1,0
23880.03464795,0.249411859852405,2019_07_01,A1,0
23940.03475795,0.254895942130701,2019_07_01,A1,0
24000.03486795,0.255319004340869,2019_07_01,A1,0
24060.03491795,0.256580561467026,2019_07_01,A1,0
24120.03501795,0.2545309610149,2019_07_01,A1,0
24180.03501795,0.252001152176632,2019_07_01,A1,0
24240.03419795,0.249247483138783,2019_07_01,A1,0
24300.03428795,0.252896292436463,2019_07_01,A1,0
24360.03433795,0.25308312363288,2019_07_01,A1,0
24420.03447795,0.250899163680389,2019_07_01,A1,0
24480.03469795,0.251320906994327,2019_07_01,A1,0
24540.03489795,0.243921099681627,2019_07_01,A1,0
24600.03448795,0.252833152828318,2019_07_01,A1,0
24660.03451795,0.249910015148118,2019_07_01,A1,0
24720.03464795,0.254538340117183,2019_07_01,A1,0
24780.03487795,0.258225063256007,2019_07_01,A1,0
24840.03493795,0.25048536707475,2019_07_01,A1,0
24900.03478795,0.251872585730769,2019_07_01,A1,0
24960.03489795,0.256692533286489,2019_07_01,A1,0
25020.03500795,0.260489926070026,2019_07_01,A1,0
25080.03505795,0.25667066313119,2019_07_01,A1,0
25140.03419795,0.255256599273447,2019_07_01,A1,0
25200.03426795,0.256055878173544,2019_07_01,A1,0
25260.03429795,0.256881434641339,2019_07_01,A1,0
25320.03426795,0.24933654975174,2019_07_01,A1,0
25380.03434795,0.24847750357668,2019_07_01,A1,0
25440.03440795,0.248756072537445,2019_07_01,A1,0
25500.03444795,0.252345114560163,2019_07_01,A1,0
25560.03452795,0.244688074194913,2019_07_01,A1,0
25620.03457795,0.246806774272404,2019_07_01,A1,0
25680.03460795,0.24167087816186,2019_07_01,A1,0
25740.03466795,0.244584199324987,2019_07_01,A1,0
25800.03472795,0.242950014885212,2019_07_01,A1,0
25860.03478795,0.247511327024798,2019_07_01,A1,0
25920.03481795,0.244826273501662,2019_07_01,A1,0
25980.03479795,0.249475533707634,2019_07_01,A1,0
26040.03485795,0.246335313937178,2019_07_01,A1,0
26100.03498795,0.242243709178339,2019_07_01,A1,0
26160.03501795,0.246932736340759,2019_07_01,A1,0
26220.03503795,0.243206463288616,2019_07_01,A1,0
26280.03611795,0.241154041415853,2019_07_01,A1,0
26340.03518795,0.239423544864623,2019_07_01,A1,0
26400.03516795,0.240162739257794,2019_07_01,A1,0
26460.03525795,0.238777574066738,2019_07_01,A1,0
26520.03773795,0.240437935885376,2019_07_01,A1,0
26580.03731795,0.241966475807274,2019_07_01,A1,0
26640.03736795,0.237341573251804,2019_07_01,A1,0
26700.03743795,0.24003989914857,2019_07_01,A1,0
26760.03745795,0.244713049559853,2019_07_01,A1,0
26820.03748795,0.243951016706049,2019_07_01,A1,0
26880.03753795,0.241406950523357,2019_07_01,A1,0
26940.03770795,0.239976459001932,2019_07_01,A1,0
27000.03772795,0.239821130849709,2019_07_01,A1,0
27060.03762795,0.243559440846605,2019_07_01,A1,0
27120.03766795,0.243352208632356,2019_07_01,A1,0
27180.03768795,0.238897359046733,2019_07_01,A1,0
27240.03771795,0.244676304373701,2019_07_01,A1,0
27300.03783795,0.246670611709138,2019_07_01,A1,0
27360.03738795,0.242217782201536,2019_07_01,A1,0
27420.03742795,0.235465331328825,2019_07_01,A1,0
27480.03750795,0.236697839547059,2019_07_01,A1,0
27540.03752795,0.240744652222614,2019_07_01,A1,0
27600.03761795,0.244558856647671,2019_07_01,A1,0
27660.03733795,0.246757474615895,2019_07_01,A1,0
27720.03744795,0.240940815797442,2019_07_01,A1,0
27780.03742795,0.248520125312698,2019_07_01,A1,0
27840.03733795,0.24400589242995,2019_07_01,A1,0
27900.03742795,0.241817825547534,2019_07_01,A1,0
27960.03748795,0.239874437247309,2019_07_01,A1,0
28020.03752795,0.246049666384613,2019_07_01,A1,0
28080.03727795,0.240753266725763,2019_07_01,A1,0
28140.03768795,0.245012870961478,2019_07_01,A1,0
28200.03767795,0.246172406333013,2019_07_01,A1,0
28260.03779795,0.245146980059782,2019_07_01,A1,0
28320.03888795,0.249172173010108,2019_07_01,A1,0
28380.03892795,0.243013121134425,2019_07_01,A1,0
28440.03894795,0.24451947369707,2019_07_01,A1,0
28500.03908795,0.247502311850341,2019_07_01,A1,0
28560.03911795,0.245667472983993,2019_07_01,A1,0
28620.03908795,0.244428871172764,2019_07_01,A1,0
28680.03912795,0.244587554964699,2019_07_01,A1,0
28740.03810795,0.244604667116702,2019_07_01,A1,0
28800.03853795,0.239650994440517,2019_07_01,A1,0
28860.03820795,0.249491560700008,2019_07_01,A1,0
28920.03823795,0.247054908683142,2019_07_01,A1,0
28980.03831795,0.250118115478866,2019_07_01,A1,0
29040.03848795,0.24463051062615,2019_07_01,A1,0
29100.03838795,0.249219218880005,2019_07_01,A1,0
29160.03847795,0.244140485666916,2019_07_01,A1,0
29220.03845795,0.23618561056311,2019_07_01,A1,0
29280.03853795,0.23676842505938,2019_07_01,A1,0
29340.03965795,0.24570608797892,2019_07_01,A1,0
29400.03966795,0.240420656798665,2019_07_01,A1,0
29460.03971795,0.248269403245932,2019_07_01,A1,0
29520.03975795,0.243806723806305,2019_07_01,A1,0
29580.04091795,0.247602413715776,2019_07_01,A1,0
29640.04087795,0.245977127596164,2019_07_01,A1,0
29700.04089795,0.249835139105702,2019_07_01,A1,0
29760.04098795,0.242682714885517,2019_07_01,A1,0
29820.04202795,0.244226780939648,2019_07_01,A1,0
29880.04203795,0.247101587268673,2019_07_01,A1,0
29940.04305795,0.24828815147011,2019_07_01,A1,0
30000.04215795,0.248877877567453,2019_07_01,A1,0
30060.04220795,0.244466267460295,2019_07_01,A1,0
30120.04223795,0.244024139821995,2019_07_01,A1,0
30180.04231795,0.247889880996703,2019_07_01,A1,0
30240.04236795,0.244596269628673,2019_07_01,A1,0
30300.04239795,0.24602193637292,2019_07_01,A1,0
30360.04243795,0.244606870822902,2019_07_01,A1,0
30420.04250795,0.242922702238297,2019_07_01,A1,0
30480.04251795,0.243921533739876,2019_07_01,A1,0
30540.04254795,0.245020450385411,2019_07_01,A1,0
30600.04266795,0.244780713462702,2019_07_01,A1,0
30660.04266795,0.242683516256143,2019_07_01,A1,0
30720.04270795,0.243704234578482,2019_07_01,A1,0
30780.04383795,0.247880415042516,2019_07_01,A1,0
30840.04383795,0.249188183309012,2019_07_01,A1,0
30900.04387795,0.249224961882105,2019_07_01,A1,0
30960.04397795,0.254161572514709,2019_07_01,A1,0
31020.04403795,0.25407400842616,2019_07_01,A1,0
31080.04408795,0.252467170048251,2019_07_01,A1,0
31140.04408795,0.253498189054336,2019_07_01,A1,0
31200.04371795,0.254854021548466,2019_07_01,A1,0
31260.04376795,0.25120641426471,2019_07_01,A1,0
31320.04383795,0.250753000943861,2019_07_01,A1,0
31380.04387795,0.250613282419233,2019_07_01,A1,0
31440.04491795,0.252133708670115,2019_07_01,A1,0
31500.04500795,0.252492345762849,2019_07_01,A1,0
31560.04669795,0.253617155998245,2019_07_01,A1,0
31620.04615795,0.258026078260541,2019_07_01,A1,0
31680.04677795,0.255695054068081,2019_07_01,A1,0
31740.04617795,0.265872587614667,2019_07_01,A1,0
31800.04626795,0.258140537631226,2019_07_01,A1,0
31860.04622795,0.254848211772483,2019_07_01,A1,0
31920.04629795,0.255494382920028,2019_07_01,A1,0
31980.04637795,0.262552147766393,2019_07_01,A1,0
32040.04634795,0.251068081382186,2019_07_01,A1,0
32100.04641795,0.244486301165751,2019_07_01,A1,0
32160.04647795,0.252664485528583,2019_07_01,A1,0
32220.04647795,0.243918979442781,2019_07_01,A1,0
32280.04654795,0.245453178871415,2019_07_01,A1,0
32340.04629795,0.24741760259738,2019_07_01,A1,0
32400.04662795,0.245442878215679,2019_07_01,A1,0
32460.04736795,0.247867209498788,2019_07_01,A1,0
32520.04676795,0.24776351825704,2019_07_01,A1,0
32580.04679795,0.245305062858759,2019_07_01,A1,0
32640.04684795,0.250575585621219,2019_07_01,A1,0
32700.04695795,0.248227950108888,2019_07_01,A1,0
32760.04701795,0.249867760668458,2019_07_01,A1,0
32820.04699795,0.245027862874636,2019_07_01,A1,0
32880.04703795,0.247027662810111,2019_07_01,A1,0
32940.04608795,0.248173040998046,2019_07_01,A1,0
33000.04613795,0.248813803040916,2019_07_01,A1,0
33060.04617795,0.246698425216195,2019_07_01,A1,0
33120.04631795,0.244652798146228,2019_07_01,A1,0
33180.04692795,0.245595017662898,2019_07_01,A1,0
33240.04794795,0.245013004537254,2019_07_01,A1,0
33300.04809795,0.234591209773254,2019_07_01,A1,0
33360.04816795,0.239263592256872,2019_07_01,A1,0
33420.04710795,0.240421241126161,2019_07_01,A1,0
33480.04729795,0.240884521044497,2019_07_01,A1,0
33540.04720795,0.240358702510973,2019_07_01,A1,0
33600.04725795,0.241202957122534,2019_07_01,A1,0
33660.04737795,0.238480724326986,2019_07_01,A1,0
33720.04735795,0.241975240551661,2019_07_01,A1,0
33780.04742795,0.242208883881374,2019_07_01,A1,0
33840.04749795,0.239974973170995,2019_07_01,A1,0
33900.04750795,0.232782064147109,2019_07_01,A1,0
33960.04754795,0.238419187404074,2019_07_01,A1,0
34020.04760795,0.238100601056791,2019_07_01,A1,0
34080.04760795,0.241432376668027,2019_07_01,A1,0
34140.04868795,0.241190602973826,2019_07_01,A1,0
34200.04880795,0.242185043756476,2019_07_01,A1,0
34260.04980795,0.242420106143244,2019_07_01,A1,0
34320.04990795,0.244592296274523,2019_07_01,A1,0
34380.04998795,0.240248600472276,2019_07_01,A1,0
34440.04993795,0.247561077461037,2019_07_01,A1,0
34500.05004795,0.250848712090368,2019_07_01,A1,0
34560.05006795,0.247924238820467,2019_07_01,A1,0
34620.05113795,0.252987112003899,2019_07_01,A1,0
34680.05019795,0.249254211111678,2019_07_01,A1,0
34740.05020795,0.25548446621412,2019_07_01,A1,0
34800.05032795,0.254432395088823,2019_07_01,A1,0
34860.05032795,0.249877810922132,2019_07_01,A1,0
34920.05029795,0.249476034567776,2019_07_01,A1,0
34980.05042795,0.247424914897771,2019_07_01,A1,0
35040.05044795,0.250984557449679,2019_07_01,A1,0
35100.05043795,0.253334630376801,2019_07_01,A1,0
35160.05049795,0.258828245355159,2019_07_01,A1,0
35220.05062795,0.25730256024084,2019_07_01,A1,0
35280.05068795,0.252532680325313,2019_07_01,A1,0
35340.05069795,0.256971970391762,2019_07_01,A1,0
35400.05074795,0.251301106997462,2019_07_01,A1,0
35460.05073795,0.255033824233495,2019_07_01,A1,0
35520.05088795,0.254211506579126,2019_07_01,A1,0
35580.05090795,0.25317733222697,2019_07_01,A1,0
35640.05097795,0.255120236388532,2019_07_01,A1,0
35700.05099795,0.254777259003805,2019_07_01,A1,0
35760.05096795,0.251990183698036,2019_07_01,A1,0
35820.05202795,0.251128266021927,2019_07_01,A1,0
35880.05117795,0.250815756602178,2019_07_01,A1,0
35940.05114795,0.254116396453586,2019_07_01,A1,0
36000.05116795,0.253823703724173,2019_07_01,A1,0
36060.05129795,0.250915608037542,2019_07_01,A1,0
36120.05126795,0.252652031247059,2019_07_01,A1,0
36180.05234795,0.251678258605783,2019_07_01,A1,0
36240.05247795,0.255845707684362,2019_07_01,A1,0
36300.05240795,0.253145879291197,2019_07_01,A1,0
36360.05249795,0.251064325071166,2019_07_01,A1,0
36420.05253795,0.251686455716144,2019_07_01,A1,0
36480.05260795,0.251079533999444,2019_07_01,A1,0
36540.05258795,0.251678425540491,2019_07_01,A1,0
36600.05265795,0.255511545124434,2019_07_01,A1,0
36660.05269795,0.24684253448776,2019_07_01,A1,0
36720.05446795,0.248709143521844,2019_07_01,A1,0
36780.05478795,0.252717441363297,2019_07_01,A1,0
36840.05484795,0.253994925292994,2019_07_01,A1,0
36900.05698795,0.247768242873394,2019_07_01,A1,0
36960.05796795,0.254524733874138,2019_07_01,A1,0
37020.05904795,0.250322259148936,2019_07_01,A1,0
37080.05910795,0.254060418876586,2019_07_01,A1,0
37140.05914795,0.25365022834073,2019_07_01,A1,0
37200.05913795,0.251901083726147,2019_07_01,A1,0
37260.05917795,0.247403412026839,2019_07_01,A1,0
37320.06026795,0.24771597155501,2019_07_01,A1,0
37380.06034795,0.25103035119723,2019_07_01,A1,0
37440.06033795,0.253861767806554,2019_07_01,A1,0
37500.06152795,0.246146329114974,2019_07_01,A1,0
37560.06151795,0.25063732289379,2019_07_01,A1,0
37620.06150795,0.252048064470753,2019_07_01,A1,0
37680.06110795,0.25188168440059,2019_07_01,A1,0
37740.06213795,0.249828043820431,2019_07_01,A1,0
37800.06160795,0.254538590547254,2019_07_01,A1,0
37860.06165795,0.258624502356397,2019_07_01,A1,0
37920.06169795,0.251846658753967,2019_07_01,A1,0
37980.06179795,0.251821082368061,2019_07_01,A1,0
38040.06181795,0.246317099932075,2019_07_01,A1,0
38100.06196795,0.251079116634665,2019_07_01,A1,0
38160.06296795,0.2517905476292,2019_07_01,A1,0
38220.06298795,0.249655252925309,2019_07_01,A1,0
38280.06297795,0.253656054810184,2019_07_01,A1,0
38340.06414795,0.251751748978086,2019_07_01,A1,0
38400.06311795,0.251639426567727,2019_07_01,A1,0
38460.06429795,0.247756589934487,2019_07_01,A1,0
38520.06461795,0.247877660423771,2019_07_01,A1,0
38580.06427795,0.252076195181765,2019_07_01,A1,0
38640.06428795,0.246290338197705,2019_07_01,A1,0
38700.06435795,0.251711297561327,2019_07_01,A1,0
38760.06443795,0.25407267283646,2019_07_01,A1,0
38820.06594795,0.259187182958376,2019_07_01,A1,0
38880.06550795,0.255639493855859,2019_07_01,A1,0
38940.06556795,0.257219169856099,2019_07_01,A1,0
39000.06558795,0.2550949604851,2019_07_01,A1,0
39060.06693795,0.255654418995133,2019_07_01,A1,0
39120.06670795,0.258712667465913,2019_07_01,A1,0
39180.06675795,0.256603182884529,2019_07_01,A1,0
39240.06677795,0.252159936157401,2019_07_01,A1,0
39300.06688795,0.251615519640937,2019_07_01,A1,0
39360.06685795,0.25426997165133,2019_07_01,A1,0
39420.06696795,0.252976944895929,2019_07_01,A1,0
39480.06699795,0.251954306656394,2019_07_01,A1,0
39540.06804795,0.259394598800804,2019_07_01,A1,0
39600.06912795,0.254585319213197,2019_07_01,A1,0
39660.06820795,0.257298553499748,2019_07_01,A1,0
39720.06820795,0.256963055378129,2019_07_01,A1,0
39780.06824795,0.256083691652592,2019_07_01,A1,0
39840.06829795,0.249299470640154,2019_07_01,A1,0
39900.06837795,0.254623399989049,2019_07_01,A1,0
39960.06839795,0.259677742136686,2019_07_01,A1,0
40020.06841795,0.257907578789833,2019_07_01,A1,0
40080.06856795,0.253389188896748,2019_07_01,A1,0
40140.06854795,0.253840298322563,2019_07_01,A1,0
40200.06852795,0.257213393467058,2019_07_01,A1,0
40260.06864795,0.254208401341476,2019_07_01,A1,0
40320.06868795,0.254236532024478,2019_07_01,A1,0
40380.06874795,0.252183959938487,2019_07_01,A1,0
40440.06882795,0.257048866512199,2019_07_01,A1,0
40500.06883795,0.255164227101191,2019_07_01,A1,0
40560.06885795,0.256284412909067,2019_07_01,A1,0
40620.06897795,0.257479825350253,2019_07_01,A1,0
40680.06899795,0.254368320562286,2019_07_01,A1,0
40740.06907795,0.255011903997784,2019_07_01,A1,0
40800.06907795,0.254069066766677,2019_07_01,A1,0
40860.06911795,0.259477020880211,2019_07_01,A1,0
40920.06810795,0.254413630171175,2019_07_01,A1,0
40980.06818795,0.254946009742885,2019_07_01,A1,0
41040.06821795,0.254258235245069,2019_07_01,A1,0
41100.06831795,0.258418806081507,2019_07_01,A1,0
41160.06828795,0.252572463947223,2019_07_01,A1,0
41220.06837795,0.250158049370022,2019_07_01,A1,0
41280.06898795,0.253609609961254,2019_07_01,A1,0
41340.06904795,0.253735755657787,2019_07_01,A1,0
41400.06907795,0.247757174233974,2019_07_01,A1,0
41460.06813795,0.254601246016737,2019_07_01,A1,0
41520.06819795,0.252021820289997,2019_07_01,A1,0
41580.06923795,0.252655253339005,2019_07_01,A1,0
41640.06921795,0.251044374805054,2019_07_01,A1,0
41700.06932795,0.25213314103609,2019_07_01,A1,0
41760.06939795,0.247481710510859,2019_07_01,A1,0
41820.06940795,0.25215018641421,2019_07_01,A1,0
41880.06943795,0.255064175344177,2019_07_01,A1,0
41940.06946795,0.253460475562851,2019_07_01,A1,0
42000.06954795,0.256417219804611,2019_07_01,A1,0
42060.06960795,0.259566204347463,2019_07_01,A1,0
42120.06957795,0.25637030751049,2019_07_01,A1,0
42180.06962795,0.253512396318348,2019_07_01,A1,0
42240.06970795,0.250190721041199,2019_07_01,A1,0
42300.06974795,0.258842703021232,2019_07_01,A1,0
42360.06980795,0.251056945968883,2019_07_01,A1,0
42420.06992795,0.252970016573376,2019_07_01,A1,0
42480.07003795,0.25241072499805,2019_07_01,A1,0
42540.07196795,0.249063740486545,2019_07_01,A1,0
42600.07300795,0.249746072492745,2019_07_01,A1,0
42660.07403795,0.252764921291443,2019_07_01,A1,0
42720.07311795,0.245440357305525,2019_07_01,A1,0
42780.07311795,0.252007195689215,2019_07_01,A1,0
42840.07315795,0.247140536161024,2019_07_01,A1,0
42900.07322795,0.250901300612706,2019_07_01,A1,0
42960.07327795,0.245532779558194,2019_07_01,A1,0
43020.07332795,0.25286879616137,2019_07_01,A1,0
43080.07345795,0.247201872762287,2019_07_01,A1,0
43140.07341795,0.244026376915136,2019_07_01,A1,0
43200.07351795,0.249380306727799,2019_07_01,A1,0
43260.07357795,0.256464649652346,2019_07_01,A1,0
43320.07356795,0.245401191370044,2019_07_01,A1,0
43380.07369795,0.250916843438408,2019_07_01,A1,0
43440.07333795,0.252502028704148,2019_07_01,A1,0
43500.07340795,0.25170870984928,2019_07_01,A1,0
43560.07345795,0.258871351257847,2019_07_01,A1,0
43620.07346795,0.253315781963789,2019_07_01,A1,0
43680.07352795,0.246077730293732,2019_07_01,A1,0
43740.07366795,0.249813235563462,2019_07_01,A1,0
43800.07366795,0.25375351888316,2019_07_01,A1,0
43860.07375795,0.252950951117235,2019_07_01,A1,0
43920.07372795,0.249645352940881,2019_07_01,A1,0
43980.07377795,0.254397219200963,2019_07_01,A1,0
44040.07381795,0.252891183842272,2019_07_01,A1,0
44100.07386795,0.253355298490166,2019_07_01,A1,0
44160.07391795,0.253563014843077,2019_07_01,A1,0
44220.07345795,0.25029160755578,2019_07_01,A1,0
44280.07354795,0.251300339041787,2019_07_01,A1,0
44340.07356795,0.255195446328372,2019_07_01,A1,0
44400.07362795,0.255172073648666,2019_07_01,A1,0
44460.07367795,0.251497854899787,2019_07_01,A1,0
44520.07484795,0.251453663837469,2019_07_01,A1,0
44580.07473795,0.251294796389346,2019_07_01,A1,0
44640.07486795,0.250511043621481,2019_07_01,A1,0
44700.07493795,0.249015576070078,2019_07_01,A1,0
44760.07498795,0.252943171371652,2019_07_01,A1,0
44820.07499795,0.254525568603696,2019_07_01,A1,0
44880.07510795,0.257052973414115,2019_07_01,A1,0
44940.07512795,0.257604201398837,2019_07_01,A1,0
45000.07413795,0.252021302764393,2019_07_01,A1,0
45060.07420795,0.251382276982532,2019_07_01,A1,0
45120.07424795,0.25191552469875,2019_07_01,A1,0
45180.07429795,0.252072088251839,2019_07_01,A1,0
45240.07431795,0.255558841424402,2019_07_01,A1,0
45300.07438795,0.250311424246116,2019_07_01,A1,0
45360.07445795,0.253337301528192,2019_07_01,A1,0
45420.07450795,0.25425825193854,2019_07_01,A1,0
45480.07450795,0.249160136093364,2019_07_01,A1,0
45540.07456795,0.246975825549977,2019_07_01,A1,0
45600.07461795,0.251214227425243,2019_07_01,A1,0
45660.07464795,0.254078783122926,2019_07_01,A1,0
45720.07467795,0.255042722553658,2019_07_01,A1,0
45780.07470795,0.254988781748149,2019_07_01,A1,0
45840.07484795,0.246848210715977,2019_07_01,A1,0
45900.07485795,0.24856573543207,2019_07_01,A1,0
45960.07486795,0.251440558426557,2019_07_01,A1,0
46020.07490795,0.249779662360834,2019_07_01,A1,0
46080.07502795,0.254895190868497,2019_07_01,A1,0
46140.07512795,0.254337051254693,2019_07_01,A1,0
46200.07603795,0.252923738659154,2019_07_01,A1,0
46260.07514795,0.251170437034234,2019_07_01,A1,0
46320.07514795,0.253997780100573,2019_07_01,A1,0
46380.07528795,0.252710229223731,2019_07_01,A1,0
46440.07533795,0.252727424843088,2019_07_01,A1,0
46500.07540795,0.251022788466768,2019_07_01,A1,0
46560.07541795,0.255284062189609,2019_07_01,A1,0
46620.07546795,0.250120653082491,2019_07_01,A1,0
46680.07552795,0.258234996655386,2019_07_01,A1,0
46740.07547795,0.254363428983215,2019_07_01,A1,0
46800.07561795,0.255623132994069,2019_07_01,A1,0
46860.07558795,0.252866909659124,2019_07_01,A1,0
46920.07567795,0.25239636752081,2019_07_01,A1,0
46980.07600795,0.249901851396689,2019_07_01,A1,0
47040.07572795,0.236026192202442,2019_07_01,A1,0
47100.07584795,0.250668308384371,2019_07_01,A1,0
47160.07589795,0.248953454819669,2019_07_01,A1,0
47220.07587795,0.253814404732702,2019_07_01,A1,0
47280.07597795,0.25891984957174,2019_07_01,A1,0
47340.07598795,0.251739878996049,2019_07_01,A1,0
47400.07605795,0.250365348358154,2019_07_01,A1,0
47460.07606795,0.256364280691378,2019_07_01,A1,0
47520.07511795,0.2543987050319,2019_07_01,A1,0
47580.07528795,0.255803002452981,2019_07_01,A1,0
47640.07527795,0.253681330713616,2019_07_01,A1,0
47700.07528795,0.25006402443212,2019_07_01,A1,0
47760.07534795,0.251086896380247,2019_07_01,A1,0
47820.07533795,0.247221355555198,2019_07_01,A1,0
47880.07542795,0.252158750808938,2019_07_01,A1,0
47940.07548795,0.255547572463332,2019_07_01,A1,0
48000.07555795,0.246778877326002,2019_07_01,A1,0
48060.07554795,0.250212674663851,2019_07_01,A1,0
48120.07561795,0.250355398265304,2019_07_01,A1,0
48180.07563795,0.250766623880377,2019_07_01,A1,0
48240.07571795,0.250248852243987,2019_07_01,A1,0
48300.07579795,0.25342571703977,2019_07_01,A1,0
48360.07580795,0.252306599726062,2019_07_01,A1,0
48420.07584795,0.249770179741185,2019_07_01,A1,0
48480.07589795,0.248661630206755,2019_07_01,A1,0
48540.07599795,0.249882184975599,2019_07_01,A1,0
48600.07744795,0.25325564740446,2019_07_01,A1,0
48660.07704795,0.250655970929134,2019_07_01,A1,0
48720.07612795,0.250056177884646,2019_07_01,A1,0
48780.07612795,0.25140768643373,2019_07_01,A1,0
48840.07623795,0.247467236151314,2019_07_01,A1,0
48900.07619795,0.252900315899035,2019_07_01,A1,0
48960.07659795,0.249600410616359,2019_07_01,A1,0
49020.07634795,0.252612865311579,2019_07_01,A1,0
49080.07642795,0.252960917903555,2019_07_01,A1,0
49140.07653795,0.254685938604236,2019_07_01,A1,0
49200.07748795,0.253401209120022,2019_07_01,A1,0
49260.07753795,0.249804871490383,2019_07_01,A1,0
49320.07832795,0.256905291459708,2019_07_01,A1,0
49380.07834795,0.254328987664088,2019_07_01,A1,0
49440.07852795,0.254861150220678,2019_07_01,A1,0
49500.07849795,0.259828996745925,2019_07_01,A1,0
49560.07856795,0.268169137101059,2019_07_01,A1,0
49620.07865795,0.259107248374173,2019_07_01,A1,0
49680.07867795,0.259198969473059,2019_07_01,A1,0
49740.07865795,0.256604702102407,2019_07_01,A1,0
49800.07872795,0.25690998268912,2019_07_01,A1,0
49860.07825795,0.255195663371502,2019_07_01,A1,0
49920.07834795,0.254764053432068,2019_07_01,A1,0
49980.07840795,0.255543131635982,2019_07_01,A1,0
50040.07841795,0.251674569040637,2019_07_01,A1,0
50100.07850795,0.251612030425449,2019_07_01,A1,0
50160.07856795,0.252823436472069,2019_07_01,A1,0
50220.07853795,0.256460776459021,2019_07_01,A1,0
50280.07864795,0.253439774034535,2019_07_01,A1,0
50340.07869795,0.256383680016935,2019_07_01,A1,0
50400.07871795,0.253356433758217,2019_07_01,A1,0
50460.07880795,0.255785255921079,2019_07_01,A1,0
50520.07885795,0.2555873226983,2019_07_01,A1,0
50580.07880795,0.250688241929003,2019_07_01,A1,0
50640.07894795,0.244004239636296,2019_07_01,A1,0
50700.08032795,0.247878895824637,2019_07_01,A1,0
50760.07996795,0.245411441945368,2019_07_01,A1,0
50820.08110795,0.245200503500512,2019_07_01,A1,0
50880.08105795,0.244903904190832,2019_07_01,A1,0
50940.08016795,0.246362826905742,2019_07_01,A1,0
51000.08016795,0.245011101313528,2019_07_01,A1,0
51060.08021795,0.242546518963319,2019_07_01,A1,0
51120.08021795,0.237878627387464,2019_07_01,A1,0
51180.08038795,0.244231555664423,2019_07_01,A1,0
51240.08034795,0.24573109675881,2019_07_01,A1,0
51300.08046795,0.237655535143558,2019_07_01,A1,0
51360.08044795,0.2424472184405,2019_07_01,A1,0
51420.08049795,0.2435188391606,2019_07_01,A1,0
51480.08052795,0.242651228562803,2019_07_01,A1,0
51540.08060795,0.246257566365703,2019_07_01,A1,0
51600.08033795,0.241041552042777,2019_07_01,A1,0
51660.08041795,0.240136745507109,2019_07_01,A1,0
51720.08049795,0.244530425454186,2019_07_01,A1,0
51780.08050795,0.243730245050648,2019_07_01,A1,0
51840.08055795,0.248697190072453,2019_07_01,A1,0
51900.08055795,0.247673232936688,2019_07_01,A1,0
51960.08078795,0.249828661534869,2019_07_01,A1,0
52020.08066795,0.24622275776221,2019_07_01,A1,0
52080.08073795,0.244630610786975,2019_07_01,A1,0
52140.08071795,0.244787408076664,2019_07_01,A1,0
52200.08083795,0.245635836392033,2019_07_01,A1,0
52260.08168795,0.247469456550985,2019_07_01,A1,0
52320.08187795,0.243185361088992,2019_07_01,A1,0
52380.08200795,0.244359871680214,2019_07_01,A1,0
52440.08410795,0.247433262277379,2019_07_01,A1,0
52500.08503795,0.243607288059119,2019_07_01,A1,0
52560.08614795,0.242686521304959,2019_07_01,A1,0
52620.08515795,0.242821364971996,2019_07_01,A1,0
52680.08528795,0.242410005809157,2019_07_01,A1,0
52740.08530795,0.24385834402331,2019_07_01,A1,0
52800.08528795,0.24495031565282,2019_07_01,A1,0
52860.08530795,0.241874955058047,2019_07_01,A1,0
52920.08534795,0.243649926488607,2019_07_01,A1,0
52980.08576795,0.240350772496145,2019_07_01,A1,0
53040.08547795,0.243292908802585,2019_07_01,A1,0
53100.08554795,0.243496768655642,2019_07_01,A1,0
53160.08555795,0.237528270900454,2019_07_01,A1,0
53220.08562795,0.238421825168524,2019_07_01,A1,0
53280.08574795,0.242327884212225,2019_07_01,A1,0
53340.08580795,0.240283442462711,2019_07_01,A1,0
53400.08575795,0.243551727846897,2019_07_01,A1,0
53460.08583795,0.244075292593808,2019_07_01,A1,0
53520.08599795,0.244439238602383,2019_07_01,A1,0
53580.08593795,0.246408620681302,2019_07_01,A1,0
53640.08597795,0.243851449087698,2019_07_01,A1,0
53700.08598795,0.244486968960601,2019_07_01,A1,0
53760.08605795,0.248513063414369,2019_07_01,A1,0
53820.08525795,0.245494047680963,2019_07_01,A1,0
53880.08513795,0.247727290596493,2019_07_01,A1,0
53940.08543795,0.241556335351831,2019_07_01,A1,0
54000.08523795,0.249826541296023,2019_07_01,A1,0
54060.08531795,0.246111420350655,2019_07_01,A1,0
54120.08540795,0.242678274086176,2019_07_01,A1,0
54180.08539795,0.248492695811488,2019_07_01,A1,0
54240.08543795,0.248106846232663,2019_07_01,A1,0
54300.08549795,0.251027713432781,2019_07_01,A1,0
54360.08556795,0.245428771112492,2019_07_01,A1,0
54420.08563795,0.248721414175189,2019_07_01,A1,0
54480.08566795,0.244532896283927,2019_07_01,A1,0
54540.08576795,0.245280454778186,2019_07_01,A1,0
54600.08674795,0.249974373491667,2019_07_01,A1,0
54660.08678795,0.24160166165419,2019_07_01,A1,0
54720.08690795,0.242816690436054,2019_07_01,A1,0
54780.08688795,0.245079616667416,2019_07_01,A1,0
54840.08698795,0.243605835615123,2019_07_01,A1,0
54900.08697795,0.246287850702502,2019_07_01,A1,0
54960.08709795,0.245528004861428,2019_07_01,A1,0
55020.08710795,0.249863052745575,2019_07_01,A1,0
55080.08614795,0.247910115051818,2019_07_01,A1,0
55140.08616795,0.2453772009759,2019_07_01,A1,0
55200.08626795,0.244383044010262,2019_07_01,A1,0
55260.08629795,0.246085293024194,2019_07_01,A1,0
55320.08638795,0.247407351994047,2019_07_01,A1,0
55380.08748795,0.245387685287824,2019_07_01,A1,0
55440.08745795,0.245223308574202,2019_07_01,A1,0
55500.08754795,0.244767691547153,2019_07_01,A1,0
55560.08756795,0.246701313410716,2019_07_01,A1,0
55620.08749795,0.242917192972798,2019_07_01,A1,0
55680.08755795,0.244083022258978,2019_07_01,A1,0
55740.08771795,0.243808343185009,2019_07_01,A1,0
55800.08767795,0.244489756994297,2019_07_01,A1,0
55860.08778795,0.245627973151088,2019_07_01,A1,0
55920.08784795,0.247101053021589,2019_07_01,A1,0
55980.08786795,0.243899964095061,2019_07_01,A1,0
56040.08792795,0.243031201563753,2019_07_01,A1,0
56100.08800795,0.243064808153322,2019_07_01,A1,0
56160.08792795,0.246386817299887,2019_07_01,A1,0
56220.08805795,0.242405631783699,2019_07_01,A1,0
56280.08911795,0.24452299627149,2019_07_01,A1,0
56340.08815795,0.245440824750717,2019_07_01,A1,0
56400.08814795,0.243214092792961,2019_07_01,A1,0
56460.08823795,0.24791857931373,2019_07_01,A1,0
56520.08826795,0.245615335213376,2019_07_01,A1,0
56580.08829795,0.246577855559044,2019_07_01,A1,0
56640.08843795,0.245840330624989,2019_07_01,A1,0
56700.08842795,0.243110718755168,2019_07_01,A1,0
56760.08841795,0.245684868925,2019_07_01,A1,0
56820.08847795,0.242829378454178,2019_07_01,A1,0
56880.08861795,0.240879212100647,2019_07_01,A1,0
56940.08897795,0.242787040535173,2019_07_01,A1,0
57000.08863795,0.243747640991655,2019_07_01,A1,0
57060.08870795,0.243857592761106,2019_07_01,A1,0
57120.08870795,0.242236780855785,2019_07_01,A1,0
57180.08879795,0.246392977666765,2019_07_01,A1,0
57240.09001795,0.245734936537184,2019_07_01,A1,0
57300.08991795,0.242230286591482,2019_07_01,A1,0
57360.08992795,0.242442894495454,2019_07_01,A1,0
57420.08998795,0.244473546373744,2019_07_01,A1,0
57480.09001795,0.246126261994567,2019_07_01,A1,0
57540.09111795,0.240991250722002,2019_07_01,A1,0
57600.09011795,0.245681062505559,2019_07_01,A1,0
57660.09036795,0.24413859916467,2019_07_01,A1,0
57720.09021795,0.245721380402561,2019_07_01,A1,0
57780.09026795,0.245633883087895,2019_07_01,A1,0
57840.09088795,0.243124408465567,2019_07_01,A1,0
57900.09038795,0.237772849293812,2019_07_01,A1,0
57960.09050795,0.240659175013978,2019_07_01,A1,0
58020.09044795,0.239838727140375,2019_07_01,A1,0
58080.09060795,0.240572362187634,2019_07_01,A1,0
58140.09054795,0.237567620464114,2019_07_01,A1,0
58200.09061795,0.241126628608113,2019_07_01,A1,0
58260.09070795,0.25123073855628,2019_07_01,A1,0
58320.09071795,0.242511226193154,2019_07_01,A1,0
58380.09073795,0.245232457296426,2019_07_01,A1,0
58440.09087795,0.244679693400355,2019_07_01,A1,0
58500.09104795,0.237502828062314,2019_07_01,A1,0
58560.09108795,0.249526235727726,2019_07_01,A1,0
58620.09129795,0.240772265380012,2019_07_01,A1,0
58680.09021795,0.23898308668544,2019_07_01,A1,0
58740.09017795,0.244867943653826,2019_07_01,A1,0
58800.09020795,0.243546635946177,2019_07_01,A1,0
58860.09029795,0.245378653419896,2019_07_01,A1,0
58920.09035795,0.244388135910983,2019_07_01,A1,0
58980.09040795,0.247577204614236,2019_07_01,A1,0
59040.09043795,0.246228667727026,2019_07_01,A1,0
59100.09148795,0.24180800903046,2019_07_01,A1,0
59160.09172795,0.249216330685485,2019_07_01,A1,0
59220.09187795,0.250297600959941,2019_07_01,A1,0
59280.09197795,0.247149250824998,2019_07_01,A1,0
59340.09190795,0.252258218266465,2019_07_01,A1,0
59400.09200795,0.241903903805145,2019_07_01,A1,0
59460.09199795,0.242606736990002,2019_07_01,A1,0
59520.09201795,0.244905022737402,2019_07_01,A1,0
59580.09215795,0.239218466276162,2019_07_01,A1,0
59640.09110795,0.245515700793132,2019_07_01,A1,0
59700.09121795,0.246147714785086,2019_07_01,A1,0
59760.09133795,0.244824403692887,2019_07_01,A1,0
59820.09230795,0.247783718925214,2019_07_01,A1,0
59880.09326795,0.242621278151439,2019_07_01,A1,0
59940.09338795,0.23892957996619,2019_07_01,A1,0
60000.09348795,0.245442494237842,2019_07_01,A1,0
60060.09351795,0.247968947436398,2019_07_01,A1,0
60120.09347795,0.246628974971925,2019_07_01,A1,0
60180.09359795,0.247702331925024,2019_07_01,A1,0
60240.09355795,0.243330488746304,2019_07_01,A1,0
60300.09364795,0.246734652876743,2019_07_01,A1,0
60360.09373795,0.246236731289621,2019_07_01,A1,0
60420.09381795,0.245130235220154,2019_07_01,A1,0
60480.09381795,0.244004707081487,2019_07_01,A1,0
60540.09383795,0.242818092799638,2019_07_01,A1,0
60600.09394795,0.247217766178885,2019_07_01,A1,0
60660.09389795,0.248901400516406,2019_07_01,A1,0
60720.09402795,0.244326916192024,2019_07_01,A1,0
60780.09407795,0.242793301062877,2019_07_01,A1,0
60840.09409795,0.24640059047764,2019_07_01,A1,0
60900.09307795,0.243237415392256,2019_07_01,A1,0
60960.09318795,0.247116712729597,2019_07_01,A1,0
61020.09325795,0.245542295564785,2019_07_01,A1,0
61080.09331795,0.247947461258936,2019_07_01,A1,0
61140.09332795,0.250410657967043,2019_07_01,A1,0
61200.09357795,0.254529608759738,2019_07_01,A1,0
61260.09350795,0.25305238857237,2019_07_01,A1,0
61320.09388795,0.251807175614532,2019_07_01,A1,0
61380.09461795,0.254266599318147,2019_07_01,A1,0
61440.09535795,0.252352593823271,2019_07_01,A1,0
61500.09545795,0.254649226777017,2019_07_01,A1,0
61560.09563795,0.255296483084191,2019_07_01,A1,0
61620.09542795,0.255147983093696,2019_07_01,A1,0
61680.09586795,0.25398554283417,2019_07_01,A1,0
61740.09704795,0.251982353872042,2019_07_01,A1,0
61800.09672795,0.253891584642143,2019_07_01,A1,0
61860.09660795,0.25134332809018,2019_07_01,A1,0
61920.09680795,0.260463414765728,2019_07_01,A1,0
61980.09683795,0.26173989703116,2019_07_01,A1,0
62040.09627795,0.303606411130931,2019_07_01,A1,0
62100.09640795,0.255889498075372,2019_07_01,A1,0
62160.09646795,0.299540599801128,2019_07_01,A1,0
62220.09676795,0.237731412878249,2019_07_01,A1,0
62280.09615795,0.240876557614717,2019_07_01,A1,0
62340.09645795,0.242236079673994,2019_07_01,A1,0
62400.09606795,0.24579478730751,2019_07_01,A1,0
62460.09681795,0.237681528894244,2019_07_01,A1,0
62520.09669795,0.248797859543905,2019_07_01,A1,0
62580.09626795,0.248728509460459,2019_07_01,A1,0
62640.09633795,0.241346966205265,2019_07_01,A1,0
62700.09607795,0.24079037922429,2019_07_01,A1,0
62760.09648795,0.249261022579936,2019_07_01,A1,0
62820.09631795,0.242668691277693,2019_07_01,A1,0
62880.09682795,0.242449806124537,2019_07_01,A1,0
62940.09633795,0.248012821294761,2019_07_01,A1,0
63000.09683795,0.241854303638153,2019_07_01,A1,0
63060.09660795,0.244357768134839,2019_07_01,A1,0
63120.09626795,0.241011217653575,2019_07_01,A1,0
63180.09629795,0.250438705182691,2019_07_01,A1,0
63240.09645795,0.246751948656925,2019_07_01,A1,0
63300.09621795,0.25133202571416,2019_07_01,A1,0
63360.09689795,0.246342776478806,2019_07_01,A1,0
63420.09686795,0.247492845924163,2019_07_01,A1,0
63480.09704795,0.239617321077064,2019_07_01,A1,0
63540.09721795,0.245585301306649,2019_07_01,A1,0
63600.09808795,0.244371090560872,2019_07_01,A1,0
63660.09717795,0.254939081420331,2019_07_01,A1,0
63720.09725795,0.246670912219622,2019_07_01,A1,0
63780.09732795,0.246330989992132,2019_07_01,A1,0
63840.09734795,0.249526936909518,2019_07_01,A1,0
63900.09731795,0.248882618905287,2019_07_01,A1,0
63960.09744795,0.254031620398734,2019_07_01,A1,0
64020.09749795,0.248460324650794,2019_07_01,A1,0
64080.09714795,0.250878762662557,2019_07_01,A1,0
64140.09717795,0.246924906486755,2019_07_01,A1,0
64200.09728795,0.251618157405386,2019_07_01,A1,0
64260.09727795,0.251002804813715,2019_07_01,A1,0
64320.09733795,0.255900850531805,2019_07_01,A1,0
64380.09738795,0.245357417672506,2019_07_01,A1,0
64440.09743795,0.248952820411761,2019_07_01,A1,0
64500.09722795,0.247418737837422,2019_07_01,A1,0
64560.09798795,0.246623482371887,2019_07_01,A1,0
64620.09797795,0.243839078273528,2019_07_01,A1,0
64680.09780795,0.254509191048435,2019_07_01,A1,0
64740.09796795,0.244595935731248,2019_07_01,A1,0
64800.09783795,0.252807426173165,2019_07_01,A1,0
64860.09790795,0.246226614262064,2019_07_01,A1,0
64920.09787795,0.250580827763177,2019_07_01,A1,0
64980.09799795,0.254785389340283,2019_07_01,A1,0
65040.09905795,0.257888062581971,2019_07_01,A1,0
65100.10011795,0.258696890903609,2019_07_01,A1,0
65160.09926795,0.248325180473274,2019_07_01,A1,0
65220.09922795,0.255423547005645,2019_07_01,A1,0
65280.09923795,0.251999683039165,2019_07_01,A1,0
65340.09928795,0.254810848871894,2019_07_01,A1,0
65400.09943795,0.246704902787028,2019_07_01,A1,0
65460.09952795,0.264102958486889,2019_07_01,A1,0
65520.09960795,0.25392228634372,2019_07_01,A1,0
65580.09972795,0.257490893961664,2019_07_01,A1,0
65640.09988795,0.250014157141586,2019_07_01,A1,0
65700.09993795,0.253190587879119,2019_07_01,A1,0
65760.10006795,0.254488088848811,2019_07_01,A1,0
65820.10123795,0.252189869875294,2019_07_01,A1,0
65880.10086795,0.252559225016553,2019_07_01,A1,0
65940.10089795,0.260227100284623,2019_07_01,A1,0
66000.10093795,0.252447203088669,2019_07_01,A1,0
66060.10096795,0.24560611968926,2019_07_01,A1,0
66120.10126795,0.250621713266195,2019_07_01,A1,0
66180.10211795,0.250997212080862,2019_07_01,A1,0
66240.10114795,0.249616253952546,2019_07_01,A1,0
66300.10121795,0.260136631308083,2019_07_01,A1,0
66360.10124795,0.252872519085448,2019_07_01,A1,0
66420.10224795,0.265125262857009,2019_07_01,A1,0
66480.10227795,0.247757775254941,2019_07_01,A1,0
66540.10239795,0.256823704109859,2019_07_01,A1,0
66600.10236795,0.2568945066373,2019_07_01,A1,0
66660.10247795,0.244919914489735,2019_07_01,A1,0
66720.10249795,0.256059233813256,2019_07_01,A1,0
66780.10257795,0.256690162645581,2019_07_01,A1,0
66840.10260795,0.254006828661973,2019_07_01,A1,0
66900.10269795,0.266631398376524,2019_07_01,A1,0
66960.10267795,0.262850082665773,2019_07_01,A1,0
67020.10274795,0.262712851636349,2019_07_01,A1,0
67080.10287795,0.258415300172549,2019_07_01,A1,0
67140.10283795,0.247829729715894,2019_07_01,A1,0
67200.10288795,0.241453829430537,2019_07_01,A1,0
67260.10295795,0.244652347366498,2019_07_01,A1,0
67320.10301795,0.243428336797118,2019_07_01,A1,0
67380.10407795,0.247617572563642,2019_07_01,A1,0
67440.10510795,0.247403144931307,2019_07_01,A1,0
67500.10410795,0.23853897238407,2019_07_01,A1,0
67560.10416795,0.25230346110147,2019_07_01,A1,0
67620.10424795,0.242097963834599,2019_07_01,A1,0
67680.10439795,0.250735905513338,2019_07_01,A1,0
67740.10432795,0.247177899061613,2019_07_01,A1,0
67800.10437795,0.247412226879647,2019_07_01,A1,0
67860.10443795,0.253819630181189,2019_07_01,A1,0
67920.10443795,0.2474923617855,2019_07_01,A1,0
67980.10446795,0.245699777342795,2019_07_01,A1,0
68040.10455795,0.245489907392105,2019_07_01,A1,0
68100.10460795,0.241981834976789,2019_07_01,A1,0
68160.10470795,0.246935808163458,2019_07_01,A1,0
68220.10498795,0.245547103676501,2019_07_01,A1,0
68280.10491795,0.236653481550033,2019_07_01,A1,0
68340.10491795,0.252193058580298,2019_07_01,A1,0
68400.10486795,0.23880350104354,2019_07_01,A1,0
68460.10497795,0.240028229488183,2019_07_01,A1,0
68520.10493795,0.245825906345857,2019_07_01,A1,0
68580.10499795,0.243836824458907,2019_07_01,A1,0
68640.10506795,0.242716905802582,2019_07_01,A1,0
68700.10416795,0.238642463276159,2019_07_01,A1,0
68760.10409795,0.244926909586172,2019_07_01,A1,0
68820.10420795,0.245262090531845,2019_07_01,A1,0
68880.10425795,0.237755703782877,2019_07_01,A1,0
68940.10428795,0.244182072351726,2019_07_01,A1,0
69000.10441795,0.239069315184288,2019_07_01,A1,0
69060.10444795,0.249601178572034,2019_07_01,A1,0
69120.10449795,0.244651696293128,2019_07_01,A1,0
69180.10455795,0.23910033408982,2019_07_01,A1,0
69240.10458795,0.241056126591156,2019_07_01,A1,0
69300.10467795,0.243514832419508,2019_07_01,A1,0
69360.10461795,0.245079883790958,2019_07_01,A1,0
69420.10475795,0.248178266474542,2019_07_01,A1,0
69480.10573795,0.244618039623147,2019_07_01,A1,0
69540.10583795,0.243826523803171,2019_07_01,A1,0
69600.10583795,0.245856791675613,2019_07_01,A1,0
69660.10590795,0.242616386572368,2019_07_01,A1,0
69720.10596795,0.243276948612103,2019_07_01,A1,0
69780.10592795,0.240998212431497,2019_07_01,A1,0
69840.10607795,0.252252859242202,2019_07_01,A1,0
69900.10604795,0.246270020675236,2019_07_01,A1,0
69960.10512795,0.252901250789417,2019_07_01,A1,0
70020.10522795,0.24365486814809,2019_07_01,A1,0
70080.10525795,0.251267483742431,2019_07_01,A1,0
70140.10526795,0.253135895811406,2019_07_01,A1,0
70200.10535795,0.250953221340193,2019_07_01,A1,0
70260.10532795,0.247041052010026,2019_07_01,A1,0
70320.10636795,0.249576537076511,2019_07_01,A1,0
70380.10647795,0.2569015852291,2019_07_01,A1,0
70440.10653795,0.251369171599629,2019_07_01,A1,0
70500.10651795,0.25215415976836,2019_07_01,A1,0
70560.10650795,0.254092623102571,2019_07_01,A1,0
70620.10665795,0.250734937208004,2019_07_01,A1,0
70680.10672795,0.245821966378649,2019_07_01,A1,0
70740.10681795,0.249666889198755,2019_07_01,A1,0
70800.10675795,0.251806123841845,2019_07_01,A1,0
70860.10710795,0.248318419085428,2019_07_01,A1,0
70920.10697795,0.251736306313208,2019_07_01,A1,0
70980.10692795,0.245525717659865,2019_07_01,A1,0
71040.10694795,0.256995944064427,2019_07_01,A1,0
71100.10706795,0.245122973000176,2019_07_01,A1,0
71160.10806795,0.252322810346615,2019_07_01,A1,0
71220.10710795,0.251191622701211,2019_07_01,A1,0
71280.10717795,0.251835423179839,2019_07_01,A1,0
71340.10730795,0.247275296360707,2019_07_01,A1,0
71400.10903795,0.250738676853563,2019_07_01,A1,0
71460.10807795,0.254554951409044,2019_07_01,A1,0
71520.10815795,0.243606503409973,2019_07_01,A1,0
71580.10823795,0.248168850628776,2019_07_01,A1,0
71640.10827795,0.247775955873102,2019_07_01,A1,0
71700.10831795,0.254239169816937,2019_07_01,A1,0
71760.10833795,0.255971653059246,2019_07_01,A1,0
71820.10849795,0.249075526973219,2019_07_01,A1,0
71880.10839795,0.255708643617655,2019_07_01,A1,0
71940.10845795,0.259545536234098,2019_07_01,A1,0
72000.10850795,0.252906760082926,2019_07_01,A1,0
72060.10863795,0.260115896420835,2019_07_01,A1,0
72120.10863795,0.252326533270693,2019_07_01,A1,0
72180.10867795,0.266537206475906,2019_07_01,A1,0
72240.10872795,0.252617723475699,2019_07_01,A1,0
72300.10875795,0.271492465143853,2019_07_01,A1,0
72360.10880795,0.261526821653986,2019_07_01,A1,0
72420.10891795,0.262316551132542,2019_07_01,A1,0
72480.10849795,0.2553982210218,2019_07_01,A1,0
72540.10847795,0.250979966381092,2019_07_01,A1,0
72600.10851795,0.23977692309392,2019_07_01,A1,0
72660.10853795,0.247196497044554,2019_07_01,A1,0
72720.10867795,0.243328051303504,2019_07_01,A1,0
72780.10973795,0.246093523549506,2019_07_01,A1,0
72840.10995795,0.249916008580288,2019_07_01,A1,0
72900.10981795,0.240529790532029,2019_07_01,A1,0
72960.10990795,0.242432360103118,2019_07_01,A1,0
73020.10989795,0.242022486771216,2019_07_01,A1,0
73080.10992795,0.244138832901271,2019_07_01,A1,0
73140.11002795,0.244710879240594,2019_07_01,A1,0
73200.11003795,0.248951434741648,2019_07_01,A1,0
73260.11009795,0.25018876776507,2019_07_01,A1,0
73320.10907795,0.244515717358041,2019_07_01,A1,0
73380.10910795,0.24663727227112,2019_07_01,A1,0
73440.10920795,0.24573906016058,2019_07_01,A1,0
73500.10922795,0.244637238599045,2019_07_01,A1,0
73560.10934795,0.244399421593532,2019_07_01,A1,0
73620.10931795,0.243132488749642,2019_07_01,A1,0
73680.10934795,0.246041669595902,2019_07_01,A1,0
73740.10945795,0.238699609480143,2019_07_01,A1,0
73800.10950795,0.246454330961499,2019_07_01,A1,0
73860.10950795,0.242057095025051,2019_07_01,A1,0
73920.10953795,0.240203107235209,2019_07_01,A1,0
73980.10959795,0.239720878743037,2019_07_01,A1,0
74040.10969795,0.246118331979738,2019_07_01,A1,0
74100.10980795,0.244143590904566,2019_07_01,A1,0
74160.10981795,0.241165577528474,2019_07_01,A1,0
74220.10977795,0.239973854624424,2019_07_01,A1,0
74280.10981795,0.246984907498318,2019_07_01,A1,0
74340.10987795,0.245709126414677,2019_07_01,A1,0
74400.10992795,0.245161487834277,2019_07_01,A1,0
74460.10999795,0.245002453423437,2019_07_01,A1,0
74520.11003795,0.259763786979346,2019_07_01,A1,0
74580.10916795,0.253926510127941,2019_07_01,A1,0
74640.10915795,0.240752248368026,2019_07_01,A1,0
74700.10917795,0.242221705475274,2019_07_01,A1,0
74760.10922795,0.243282507958015,2019_07_01,A1,0
74820.10929795,0.238635468151713,2019_07_01,A1,0
74880.10968795,0.239360705738952,2019_07_01,A1,0
74940.10935795,0.24913572833444,2019_07_01,A1,0
75000.10951795,0.251700095346131,2019_07_01,A1,0
75060.10955795,0.251632698566823,2019_07_01,A1,0
75120.10950795,0.243414146226577,2019_07_01,A1,0
75180.10966795,0.243758626163721,2019_07_01,A1,0
75240.10977795,0.243266848278016,2019_07_01,A1,0
75300.11009795,0.238182922975373,2019_07_01,A1,0
75360.10972795,0.2487419988212,2019_07_01,A1,0
75420.10979795,0.252687123639557,2019_07_01,A1,0
75480.10991795,0.251985492468624,2019_07_01,A1,0
75540.10992795,0.251056945968883,2019_07_01,A1,0
75600.10992795,0.243893453137287,2019_07_01,A1,0
75660.10998795,0.244853352439985,2019_07_01,A1,0
75720.11010795,0.253166013185488,2019_07_01,A1,0
75780.11116795,0.245632864702149,2019_07_01,A1,0
75840.11011795,0.250200854762227,2019_07_01,A1,0
75900.11014795,0.251700462630498,2019_07_01,A1,0
75960.11034795,0.246280855578056,2019_07_01,A1,0
76020.11028795,0.246132388974504,2019_07_01,A1,0
76080.11032795,0.256690179339052,2019_07_01,A1,0
76140.11043795,0.255415633684287,2019_07_01,A1,0
76200.11040795,0.248220537647673,2019_07_01,A1,0
76260.11049795,0.253334430027142,2019_07_01,A1,0
76320.11051795,0.251953221496765,2019_07_01,A1,0
76380.11055795,0.24820013662984,2019_07_01,A1,0
76440.11062795,0.256992287914231,2019_07_01,A1,0
76500.11069795,0.25026305947999,2019_07_01,A1,0
76560.11076795,0.256941485733314,2019_07_01,A1,0
76620.11103795,0.256666840046287,2019_07_01,A1,0
76680.11118795,0.243865238958922,2019_07_01,A1,0
76740.11116795,0.255116129458607,2019_07_01,A1,0
76800.11090795,0.252504115556052,2019_07_01,A1,0
76860.11098795,0.245281372975098,2019_07_01,A1,0
76920.11097795,0.264528574994152,2019_07_01,A1,0
76980.11108795,0.247868428206183,2019_07_01,A1,0
77040.11213795,0.25940002459895,2019_07_01,A1,0
77100.11122795,0.255619460150403,2019_07_01,A1,0
77160.11127795,0.262799464113035,2019_07_01,A1,0
77220.11131795,0.251250655407441,2019_07_01,A1,0
77280.11133795,0.255767743097767,2019_07_01,A1,0
77340.11136795,0.255052939770049,2019_07_01,A1,0
77400.11149795,0.244964205712878,2019_07_01,A1,0
77460.11149795,0.253713885502488,2019_07_01,A1,0
77520.11152795,0.254954924756518,2019_07_01,A1,0
77580.11154795,0.255613800615657,2019_07_01,A1,0
77640.11159795,0.266119202779517,2019_07_01,A1,0
77700.11171795,0.256489107491682,2019_07_01,A1,0
77760.11167795,0.266196148980366,2019_07_01,A1,0
77820.11270795,0.259905358647287,2019_07_01,A1,0
77880.11273795,0.247699176606961,2019_07_01,A1,0
77940.11286795,0.25161139604555,2019_07_01,A1,0
78000.11284795,0.249377568802524,2019_07_01,A1,0
78060.11293795,0.243294878800194,2019_07_01,A1,0
78120.11300795,0.254254629175286,2019_07_01,A1,0
78180.11299795,0.24311385737976,2019_07_01,A1,0
78240.11404795,0.244993154431967,2019_07_01,A1,0
78300.11505795,0.245092187831244,2019_07_01,A1,0
78360.11415795,0.244302174535676,2019_07_01,A1,0
78420.11417795,0.239226563253707,2019_07_01,A1,0
78480.11437795,0.246686238030204,2019_07_01,A1,0
78540.11429795,0.243413311497019,2019_07_01,A1,0
78600.11435795,0.246752850160366,2019_07_01,A1,0
78660.11436795,0.244029849409144,2019_07_01,A1,0
78720.11447795,0.250154443300239,2019_07_01,A1,0
78780.11444795,0.244871766766738,2019_07_01,A1,0
78840.11450795,0.249762249726357,2019_07_01,A1,0
78900.11456795,0.246810797706966,2019_07_01,A1,0
78960.11477795,0.253610094099916,2019_07_01,A1,0
79020.11483795,0.243051335458043,2019_07_01,A1,0
79080.11471795,0.244996693727867,2019_07_01,A1,0
79140.11475795,0.242029398400299,2019_07_01,A1,0
79200.11483795,0.247821616072887,2019_07_01,A1,0
79260.11487795,0.240447034527188,2019_07_01,A1,0
79320.11496795,0.244754235573354,2019_07_01,A1,0
79380.11500795,0.239574599152213,2019_07_01,A1,0
79440.11600795,0.248442010484866,2019_07_01,A1,0
79500.11718795,0.24377298366897,2019_07_01,A1,0
79560.11608795,0.240629157800722,2019_07_01,A1,0
79620.11616795,0.243748976581355,2019_07_01,A1,0
79680.11616795,0.240339219690053,2019_07_01,A1,0
79740.11630795,0.243855539296143,2019_07_01,A1,0
79800.11636795,0.238082470547051,2019_07_01,A1,0
79860.11637795,0.243487970524314,2019_07_01,A1,0
79920.11635795,0.24222006937509,2019_07_01,A1,0
79980.11647795,0.243776239147857,2019_07_01,A1,0
80040.11655795,0.239611928665861,2019_07_01,A1,0
80100.11660795,0.246814737674174,2019_07_01,A1,0
80160.11661795,0.24510380738321,2019_07_01,A1,0
80220.11662795,0.246348302465785,2019_07_01,A1,0
80280.11777795,0.251837827235697,2019_07_01,A1,0
80340.11778795,0.239890731363226,2019_07_01,A1,0
80400.11777795,0.245048614483364,2019_07_01,A1,0
80460.11783795,0.241081369079637,2019_07_01,A1,0
80520.11788795,0.246723317113781,2019_07_01,A1,0
80580.11793795,0.244818326793362,2019_07_01,A1,0
80640.11796795,0.245773317823519,2019_07_01,A1,0
80700.11810795,0.244027161564282,2019_07_01,A1,0
80760.11812795,0.248308335444812,2019_07_01,A1,0
80820.11715795,0.244890848888341,2019_07_01,A1,0
80880.11720795,0.255305615140953,2019_07_01,A1,0
80940.11718795,0.238770512168409,2019_07_01,A1,0
81000.11757795,0.250404981738826,2019_07_01,A1,0
81060.11732795,0.244509039465558,2019_07_01,A1,0
81120.11739795,0.245619058137455,2019_07_01,A1,0
81180.11741795,0.244466183964931,2019_07_01,A1,0
81240.11748795,0.244094107591869,2019_07_01,A1,0
81300.11765795,0.252363211682962,2019_07_01,A1,0
81360.11757795,0.239684434067369,2019_07_01,A1,0
81420.11760795,0.252326082518973,2019_07_01,A1,0
81480.11762795,0.249224895108222,2019_07_01,A1,0
81540.11781795,0.245880665215462,2019_07_01,A1,0
81600.11775795,0.249853770475584,2019_07_01,A1,0
81660.11879795,0.248510525810744,2019_07_01,A1,0
81720.11888795,0.245687272980859,2019_07_01,A1,0
81780.11894795,0.249571511949673,2019_07_01,A1,0
81840.11892795,0.247578022650324,2019_07_01,A1,0
81900.11897795,0.250552296408866,2019_07_01,A1,0
81960.11908795,0.245472862013985,2019_07_01,A1,0
82020.12024795,0.250800030120287,2019_07_01,A1,0
82080.11920795,0.257416502057911,2019_07_01,A1,0
82140.11922795,0.261383062973317,2019_07_01,A1,0
82200.11927795,0.263532681795515,2019_07_01,A1,0
82260.11927795,0.258338454132524,2019_07_01,A1,0
82320.11931795,0.258623133379755,2019_07_01,A1,0
82380.11939795,0.256200755400784,2019_07_01,A1,0
82440.11947795,0.255767709710826,2019_07_01,A1,0
82500.11951795,0.271411812712396,2019_07_01,A1,0
82560.11956795,0.280038635671302,2019_07_01,A1,0
82620.11960795,0.246107664011626,2019_07_01,A1,0
82680.11958795,0.243858110314719,2019_07_01,A1,0
82740.11969795,0.245435532500338,2019_07_01,A1,0
82800.11975795,0.239355730692528,2019_07_01,A1,0
82860.11975795,0.245534398936898,2019_07_01,A1,0
82920.11986795,0.239468854473512,2019_07_01,A1,0
82980.11990795,0.24505449103323,2019_07_01,A1,0
83040.11985795,0.240438052739672,2019_07_01,A1,0
83100.12000795,0.238524230900984,2019_07_01,A1,0
83160.12001795,0.249333377740206,2019_07_01,A1,0
83220.12008795,0.247121420652479,2019_07_01,A1,0
83280.11919795,0.256849514232366,2019_07_01,A1,0
83340.11919795,0.247544332593401,2019_07_01,A1,0
83400.11930795,0.237044389642637,2019_07_01,A1,0
83460.11931795,0.238931249425306,2019_07_01,A1,0
83520.11931795,0.237597988268266,2019_07_01,A1,0
83580.11938795,0.238763583845855,2019_07_01,A1,0
83640.11951795,0.244096828851682,2019_07_01,A1,0
83700.11949795,0.243195828707446,2019_07_01,A1,0
83760.11951795,0.248003305260162,2019_07_01,A1,0
83820.11957795,0.239587404052642,2019_07_01,A1,0
83880.11964795,0.240812666744368,2019_07_01,A1,0
83940.11964795,0.239046860729503,2019_07_01,A1,0
84000.11973795,0.248200988052869,2019_07_01,A1,0
84060.11985795,0.23885881082569,2019_07_01,A1,0
84120.11985795,0.240289152077869,2019_07_01,A1,0
84180.11988795,0.24155344715731,2019_07_01,A1,0
84240.11986795,0.245996026089588,2019_07_01,A1,0
84300.11987795,0.24524980318503,2019_07_01,A1,0
84360.11996795,0.238235544912661,2019_07_01,A1,0
84420.11989795,0.242397000587079,2019_07_01,A1,0
84480.12000795,0.239470891245004,2019_07_01,A1,0
84540.11998795,0.244547020052576,2019_07_01,A1,0
84600.12114795,0.241838643930145,2019_07_01,A1,0
84660.12017795,0.239762482121317,2019_07_01,A1,0
84720.12012795,0.238950281466496,2019_07_01,A1,0
84780.12027795,0.245191438245641,2019_07_01,A1,0
84840.12095795,0.236801998233998,2019_07_01,A1,0
84900.12077795,0.238426249274394,2019_07_01,A1,0
84960.12099795,0.24143753534263,2019_07_01,A1,0
85020.12106795,0.23986183269654,2019_07_01,A1,0
85080.12116795,0.245264578055058,2019_07_01,A1,0
85140.12011795,0.238061451814781,2019_07_01,A1,0
85200.12019795,0.241328101126792,2019_07_01,A1,0
85260.12023795,0.233137813045323,2019_07_01,A1,0
85320.12029795,0.241282040255699,2019_07_01,A1,0
85380.12031795,0.236672480204282,2019_07_01,A1,0
85440.12037795,0.238321239164426,2019_07_01,A1,0
85500.12040795,0.236300303642386,2019_07_01,A1,0
85560.12046795,0.241029515126032,2019_07_01,A1,0
85620.12049795,0.240963220199825,2019_07_01,A1,0
85680.12060795,0.237683498891852,2019_07_01,A1,0
85740.12090795,0.241108831995798,2019_07_01,A1,0
85800.12062795,0.240420372981652,2019_07_01,A1,0
85860.12171795,0.236575834167393,2019_07_01,A1,0
85920.12168795,0.236324911750968,2019_07_01,A1,0
85980.12174795,0.238525199206317,2019_07_01,A1,0
86040.12289795,0.238914938643928,2019_07_01,A1,0
86100.12385795,0.232721846120426,2019_07_01,A1,0
86160.12395795,0.236267598584267,2019_07_01,A1,0
86220.12397795,0.237246029096023,2019_07_01,A1,0
86280.12499795,0.241003287638747,2019_07_01,A1,0
86340.12510795,0.246329186957241,2019_07_01,A1,0
86400.12414795,0.259358137403656,2019_07_01,A1,0
86460.12420795,0.256625503791548,2019_07_01,A1,0
86520.12420795,0.252512412855247,2019_07_01,A1,0
86580.12446795,0.26224307745371,2019_07_01,A1,0
86640.12435795,0.26199514339263,2019_07_01,A1,0
86700.12439795,0.252473430575955,2019_07_01,A1,0
86760.12450795,0.266650947943319,2019_07_01,A1,0
86820.12450795,0.258722600837282,2019_07_01,A1,0
86880.12455795,0.25445156067778,2019_07_01,A1,0
86940.12456795,0.256443864656676,2019_07_01,A1,0
87000.12463795,0.250366550372079,2019_07_01,A1,0
87060.12475795,0.244576068960499,2019_07_01,A1,0
87120.12469795,0.24453030859989,2019_07_01,A1,0
87180.12486795,0.244636988196983,2019_07_01,A1,0
87240.12476795,0.251661046292955,2019_07_01,A1,0
87300.12494795,0.251704469399598,2019_07_01,A1,0
87360.12489795,0.249679176545571,2019_07_01,A1,0
87420.12499795,0.245286898962077,2019_07_01,A1,0
87480.12506795,0.245534432323839,2019_07_01,A1,0
87540.12512795,0.245077262719979,2019_07_01,A1,0
87600.12609795,0.248739861888883,2019_07_01,A1,0
87660.12514795,0.251829980688223,2019_07_01,A1,0
87720.12521795,0.252761164952414,2019_07_01,A1,0
87780.12519795,0.250769178177472,2019_07_01,A1,0
87840.12525795,0.252856675749262,2019_07_01,A1,0
87900.12536795,0.247243860090396,2019_07_01,A1,0
87960.12542795,0.243584917071687,2019_07_01,A1,0
88020.12557795,0.246753033816554,2019_07_01,A1,0
88080.12547795,0.242618657052451,2019_07_01,A1,0
88140.12554795,0.240996759987501,2019_07_01,A1,0
88200.12566795,0.242052971401655,2019_07_01,A1,0
88260.12569795,0.241504281048568,2019_07_01,A1,0
88320.12569795,0.24137781814808,2019_07_01,A1,0
88380.12575795,0.238641027525634,2019_07_01,A1,0
88440.12582795,0.245351491014218,2019_07_01,A1,0
88500.12588795,0.238875121607068,2019_07_01,A1,0
88560.12588795,0.241322141081563,2019_07_01,A1,0
88620.12594795,0.240768976514183,2019_07_01,A1,0
88680.12619795,0.245081286154541,2019_07_01,A1,0
88740.12605795,0.242787875264732,2019_07_01,A1,0
88800.12612795,0.236876239896515,2019_07_01,A1,0
88860.12515795,0.245773117473861,2019_07_01,A1,0
88920.12521795,0.239959330184467,2019_07_01,A1,0
88980.12517795,0.247816824654641,2019_07_01,A1,0
89040.12606795,0.253918780434762,2019_07_01,A1,0
89100.12603795,0.251317751704274,2019_07_01,A1,0
89160.12706795,0.255522764033101,2019_07_01,A1,0
89220.12618795,0.249962854100527,2019_07_01,A1,0
89280.12615795,0.252197098708331,2019_07_01,A1,0
89340.12622795,0.24457388194777,2019_07_01,A1,0
89400.12628795,0.250749795545386,2019_07_01,A1,0
89460.12642795,0.265679028417346,2019_07_01,A1,0
89520.12643795,0.244894287995407,2019_07_01,A1,0
89580.12640795,0.25597570988075,2019_07_01,A1,0
89640.12647795,0.23952763674967,2019_07_01,A1,0
89700.12648795,0.24408928281469,2019_07_01,A1,0
89760.12655795,0.251158333315597,2019_07_01,A1,0
89820.12662795,0.244364596296568,2019_07_01,A1,0
89880.12666795,0.249375281600961,2019_07_01,A1,0
89940.12675795,0.248436067133108,2019_07_01,A1,0
90000.12674795,0.246030851386553,2019_07_01,A1,0
90060.12682795,0.251493080175011,2019_07_01,A1,0
90120.12685795,0.247347300902072,2019_07_01,A1,0
90180.12700795,0.244594416513369,2019_07_01,A1,0
90240.12694795,0.249008998310411,2019_07_01,A1,0
90300.12700795,0.245224543975068,2019_07_01,A1,0
90360.12710795,0.247835906804253,2019_07_01,A1,0
90420.12809795,0.244038213510231,2019_07_01,A1,0
90480.12722795,0.246807659110384,2019_07_01,A1,0
90540.12753795,0.243194860402112,2019_07_01,A1,0
90600.12724795,0.250762450204578,2019_07_01,A1,0
90660.12739795,0.244192823787192,2019_07_01,A1,0
90720.12833795,0.250395716134297,2019_07_01,A1,0
90780.12837795,0.250201422396252,2019_07_01,A1,0
90840.12843795,0.247395348464244,2019_07_01,A1,0
90900.12853795,0.245509139754945,2019_07_01,A1,0
90960.12858795,0.238138498204464,2019_07_01,A1,0
91020.12859795,0.243818426825625,2019_07_01,A1,0
91080.12860795,0.247907343711593,2019_07_01,A1,0
91140.12868795,0.242220152870453,2019_07_01,A1,0
91200.12876795,0.245692949181066,2019_07_01,A1,0
91260.12883795,0.249218183800789,2019_07_01,A1,0
91320.12876795,0.248644751791352,2019_07_01,A1,0
91380.12898795,0.251969131606834,2019_07_01,A1,0
91440.12897795,0.258361843533711,2019_07_01,A1,0
91500.12892795,0.253965008268572,2019_07_01,A1,0
91560.12906795,0.265133376500016,2019_07_01,A1,0
91620.13007795,0.261565937509055,2019_07_01,A1,0
91680.13011795,0.348487266708259,2019_07_01,A1,0
91740.13009795,0.313504307474668,2019_07_01,A1,0
91800.13018795,0.266607374595438,2019_07_01,A1,0
91860.13078795,0.262892821256086,2019_07_01,A1,0
91920.13027795,0.261211123529233,2019_07_01,A1,0
91980.13046795,0.267558075067491,2019_07_01,A1,0
92040.13040795,0.265800583045292,2019_07_01,A1,0
92100.13042795,0.268148201864152,2019_07_01,A1,0
92160.13054795,0.268974092229372,2019_07_01,A1,0
92220.13051795,0.26375861212552,2019_07_01,A1,0
92280.13057795,0.264714972132319,2019_07_01,A1,0
92340.13074795,0.266418940713789,2019_07_01,A1,0
92400.13077795,0.264151306559544,2019_07_01,A1,0
92460.13068795,0.270822787768835,2019_07_01,A1,0
92520.13076795,0.264904474480127,2019_07_01,A1,0
92580.13091795,0.261628810021667,2019_07_01,A1,0
92640.13088795,0.263815491233971,2019_07_01,A1,0
92700.13094795,0.256955576115021,2019_07_01,A1,0
92760.13097795,0.266160238523772,2019_07_01,A1,0
92820.13100795,0.258565669999827,2019_07_01,A1,0
92880.13110795,0.263551546873988,2019_07_01,A1,0
92940.13071795,0.254760848033593,2019_07_01,A1,0
93000.13070795,0.257886159386255,2019_07_01,A1,0
93060.13082795,0.263317987011629,2019_07_01,A1,0
93120.13089795,0.255617824050219,2019_07_01,A1,0
93180.13211795,0.261307786259593,2019_07_01,A1,0
93240.13121795,0.261634085550566,2019_07_01,A1,0
93300.13124795,0.259189870803238,2019_07_01,A1,0
93360.13128795,0.258534450772645,2019_07_01,A1,0
93420.13131795,0.262992088391964,2019_07_01,A1,0
93480.13138795,0.250168283279884,2019_07_01,A1,0
93540.13137795,0.254737575514711,2019_07_01,A1,0
93600.13149795,0.260370942432647,2019_07_01,A1,0
93660.13145795,0.255353812944362,2019_07_01,A1,0
93720.13154795,0.260380425080305,2019_07_01,A1,0
93780.13263795,0.256063040232698,2019_07_01,A1,0
93840.13268795,0.261023774779203,2019_07_01,A1,0
93900.13367795,0.254463213644697,2019_07_01,A1,0
93960.13368795,0.256657507667875,2019_07_01,A1,0
94020.13389795,0.260017547509879,2019_07_01,A1,0
94080.13381795,0.258299839137598,2019_07_01,A1,0
94140.13387795,0.258317535589088,2019_07_01,A1,0
94200.13404795,0.255644552397647,2019_07_01,A1,0
94260.13402795,0.257120720784318,2019_07_01,A1,0
94320.13398795,0.260303862857294,2019_07_01,A1,0
94380.13508795,0.258801617196565,2019_07_01,A1,0
94440.13409795,0.257209937666521,2019_07_01,A1,0
94500.13415795,0.258463881953795,2019_07_01,A1,0
94560.13422795,0.259121639266364,2019_07_01,A1,0
94620.13426795,0.258528557501299,2019_07_01,A1,0
94680.13430795,0.253122239487949,2019_07_01,A1,0
94740.13436795,0.256759212218543,2019_07_01,A1,0
94800.13437795,0.258328938125934,2019_07_01,A1,0
94860.13441795,0.257133241867734,2019_07_01,A1,0
94920.13448795,0.254813520023285,2019_07_01,A1,0
94980.13460795,0.254787676541846,2019_07_01,A1,0
95040.13555795,0.256401994182863,2019_07_01,A1,0
95100.13562795,0.255635303486589,2019_07_01,A1,0
95160.13567795,0.259467170976195,2019_07_01,A1,0
95220.13581795,0.255064442467719,2019_07_01,A1,0
95280.13525795,0.257161389272216,2019_07_01,A1,0
95340.13539795,0.258379773693792,2019_07_01,A1,0
95400.13546795,0.255683117312161,2019_07_01,A1,0
95460.13553795,0.259832602815708,2019_07_01,A1,0
95520.13553795,0.256207750497221,2019_07_01,A1,0
95580.13560795,0.258938113657256,2019_07_01,A1,0
95640.13555795,0.261307569216464,2019_07_01,A1,0
95700.13570795,0.463980428747379,2019_07_01,A1,0
