time,massFlow,test,unit,anomaly
0,0.524835707650562,2019_07_02,A1,0
1.001001001001,0.493086784941441,2019_07_01,A2,0
2.002002002002,0.532384426905035,2019_07_01,A1,0
3.003003003003,0.710524156013898,2019_07_02,A1,1
4.004004004004,0.488292331263833,2019_07_01,A2,0
5.00500500500501,0.604446439854345,2019_07_01,A1,1
6.00600600600601,0.57896064077537,2019_07_02,A1,0
7.00700700700701,0.538371736457646,2019_07_02,A1,0
8.00800800800801,0.476526280703252,2019_07_02,A2,0
9.00900900900901,0.527128002179298,2019_07_02,A1,0
10.01001001001,0.476829115359377,2019_07_01,A2,0
11.011011011011,0.476713512321487,2019_07_01,A1,0
12.012012012012,0.512098113578302,2019_07_02,A1,0
13.013013013013,0.40433598776711,2019_07_02,A1,0
14.014014014014,0.413754108374348,2019_07_01,A2,0
15.015015015015,0.606245272465462,2019_07_02,A2,1
16.016016016016,0.449358443983279,2019_07_01,A1,0
17.017017017017,0.515712366629764,2019_07_02,A2,0
18.018018018018,0.454598796223939,2019_07_01,A1,0
19.019019019019,0.429384814933235,2019_07_02,A2,0
20.02002002002,0.573282438446078,2019_07_02,A2,0
21.021021021021,0.488711184975673,2019_07_01,A1,0
22.022022022022,0.638290910155408,2019_07_02,A1,1
23.023023023023,0.428762590689327,2019_07_01,A1,0
24.024024024024,0.472780863773741,2019_07_01,A1,0
25.025025025025,0.505546129485493,2019_07_01,A2,0
26.026026026026,0.623764079043148,2019_07_01,A2,1
27.027027027027,0.518784900917284,2019_07_01,A2,0
28.028028028028,0.46996806550406,2019_07_02,A1,0
29.029029029029,0.639256927467844,2019_07_02,A1,1
30.03003003003,0.46991466938853,2019_07_01,A2,0
31.031031031031,0.592613909225447,2019_07_02,A1,0
32.032032032032,0.613276543784339,2019_07_01,A2,1
33.033033033033,0.447114453552205,2019_07_02,A2,0
34.034034034034,0.54112724560516,2019_07_02,A2,0
35.035035035035,0.438957817501449,2019_07_02,A2,0
36.036036036036,0.660624872949579,2019_07_02,A2,1
37.037037037037,0.402016493806011,2019_07_01,A1,0
38.038038038038,0.433590697555079,2019_07_01,A1,0
39.039039039039,0.509843061793456,2019_07_02,A1,0
40.04004004004,0.732629828751771,2019_07_02,A2,1
41.0410410410411,0.508568414059499,2019_07_01,A2,0
42.0420420420421,0.494217585880588,2019_07_02,A2,0
43.0430430430431,0.722506197943623,2019_07_01,A2,1
44.0440440440441,0.554344364518399,2019_07_01,A1,1
45.0450450450451,0.464007789580265,2019_07_01,A1,0
46.0460460460461,0.617055837429196,2019_07_02,A2,1
47.0470470470471,0.552856111310946,2019_07_01,A2,0
48.0480480480481,0.517180914478423,2019_07_02,A2,0
49.0490490490491,0.411847992231863,2019_07_01,A1,0
50.0500500500501,0.51620419846974,2019_07_02,A1,0
51.0510510510511,0.480745885979184,2019_07_02,A1,0
52.0520520520521,0.466153899984702,2019_07_02,A2,0
53.0530530530531,0.754182836565306,2019_07_01,A2,1
54.0540540540541,0.551549976124798,2019_07_01,A1,0
55.0550550550551,0.54656400595581,2019_07_02,A2,0
56.0560560560561,0.590388124500498,2019_07_02,A1,1
57.0570570570571,0.484539381207439,2019_07_02,A2,0
58.0580580580581,0.516563171570178,2019_07_01,A1,0
59.0590590590591,0.548777256356118,2019_07_01,A2,0
60.0600600600601,0.620328906394739,2019_07_01,A1,1
61.0610610610611,0.490717051166809,2019_07_01,A1,0
62.0620620620621,0.444683251299699,2019_07_02,A1,0
63.0630630630631,0.573177142631865,2019_07_02,A1,1
64.0640640640641,0.54062629111971,2019_07_01,A1,0
65.0650650650651,0.567812001428541,2019_07_01,A1,0
66.0660660660661,0.496399493920983,2019_07_02,A2,0
67.0670670670671,0.550176644894601,2019_07_01,A2,0
68.0680680680681,0.518081801252382,2019_07_01,A2,0
69.0690690690691,0.467744012269744,2019_07_01,A1,0
70.0700700700701,0.749588706753435,2019_07_01,A1,1
71.0710710710711,0.823685788664443,2019_07_01,A2,1
72.0720720720721,0.498208698044502,2019_07_01,A1,0
73.0730730730731,0.832367110121407,2019_07_02,A1,1
74.0740740740741,0.543042093425115,2019_07_01,A1,1
75.0750750750751,0.541095125218761,2019_07_01,A1,0
76.0760760760761,0.504352353411909,2019_07_02,A1,0
77.0770770770771,0.485049632476707,2019_07_02,A2,0
78.0780780780781,0.504588038826775,2019_07_02,A2,0
79.0790790790791,0.400621554269955,2019_07_01,A2,0
80.0800800800801,0.716233322936288,2019_07_02,A2,1
81.0810810810811,0.517855628575587,2019_07_01,A2,0
82.0820820820821,0.573894702237076,2019_07_01,A1,0
83.0830830830831,0.474086489086318,2019_07_01,A1,0
84.0840840840841,0.459575319855341,2019_07_02,A1,0
85.0850850850851,0.474912147820773,2019_07_02,A1,0
86.0860860860861,0.545770105885104,2019_07_02,A2,0
87.0870870870871,0.639471669951873,2019_07_02,A2,1
88.0880880880881,0.473511989811648,2019_07_02,A2,0
89.0890890890891,0.525663371655668,2019_07_01,A1,0
90.0900900900901,0.715653957207445,2019_07_01,A2,1
91.0910910910911,0.548432249526645,2019_07_01,A1,0
92.0920920920921,0.464897345306132,2019_07_01,A2,0
93.0930930930931,0.617408540436205,2019_07_02,A2,1
94.0940940940941,0.480394592343392,2019_07_02,A1,0
95.0950950950951,0.426824252593394,2019_07_01,A1,0
96.0960960960961,0.514806013853229,2019_07_02,A2,0
97.0970970970971,0.626848513784811,2019_07_02,A2,1
98.0980980980981,0.500255672832123,2019_07_01,A1,0
99.0990990990991,0.488270643331243,2019_07_01,A2,0
100.1001001001,0.429231462897479,2019_07_02,A2,0
101.101101101101,0.478967733861732,2019_07_02,A1,0
102.102102102102,0.482864274173662,2019_07_01,A2,0
103.103103103103,0.459886136538919,2019_07_01,A1,0
104.104104104104,0.4919357144167,2019_07_01,A2,0
105.105105105105,0.520202542840727,2019_07_02,A1,0
106.106106106106,0.594309295060527,2019_07_01,A2,0
107.107107107107,0.508728890641592,2019_07_01,A1,0
108.108108108108,0.512877519536138,2019_07_02,A2,0
109.109109109109,0.496277704211692,2019_07_02,A1,0
110.11011011011,0.404061439235048,2019_07_02,A2,0
111.111111111111,0.498674306227539,2019_07_02,A2,0
112.112112112112,0.503011510497051,2019_07_02,A2,0
113.113113113113,0.623162105624264,2019_07_01,A2,0
114.114114114114,0.640929844643967,2019_07_01,A2,1
115.115115115115,0.515077367116681,2019_07_02,A2,0
116.116116116116,0.498264411514738,2019_07_02,A2,0
117.117117117117,0.441566098119023,2019_07_02,A2,0
118.118118118118,0.557141140725751,2019_07_02,A2,0
119.119119119119,0.537596651634339,2019_07_02,A1,0
120.12012012012,0.539551597352152,2019_07_01,A1,0
121.121121121121,0.454530627260263,2019_07_01,A2,0
122.122122122122,0.700144337027706,2019_07_01,A1,1
123.123123123123,0.429907446860386,2019_07_01,A2,0
124.124124124124,0.718651990596237,2019_07_02,A2,1
125.125125125125,0.609522781290499,2019_07_01,A1,0
126.126126126126,0.450473183743466,2019_07_02,A2,0
127.127127127127,0.471685113519861,2019_07_02,A2,0
128.128128128128,0.504982568254382,2019_07_02,A1,0
129.129129129129,0.47482621729419,2019_07_01,A1,0
130.13013013013,0.527443896862461,2019_07_02,A2,1
131.131131131131,0.63666491934152,2019_07_01,A1,1
132.132132132132,0.446884814313695,2019_07_01,A1,0
133.133133133133,0.523679621531759,2019_07_02,A2,0
134.134134134134,0.45402878828831,2019_07_02,A1,0
135.135135135135,0.577496720250877,2019_07_02,A1,0
136.136136136136,0.557306571506255,2019_07_01,A2,1
137.137137137137,0.483896924189716,2019_07_02,A1,0
138.138138138138,0.540675860868484,2019_07_01,A1,0
139.139139139139,0.438456784178302,2019_07_02,A2,0
140.14014014014,0.511372996730206,2019_07_02,A2,0
141.141141141141,0.72531505013687,2019_07_01,A2,1
142.142142142142,0.419625838271939,2019_07_01,A1,0
143.143143143143,0.509231692926615,2019_07_01,A2,0
144.144144144144,0.512994139712421,2019_07_01,A2,0
145.145145145145,0.539091143588866,2019_07_01,A1,0
146.146146146146,0.438152464456096,2019_07_01,A2,0
147.147147147147,0.433977169345786,2019_07_02,A2,0
148.148148148148,0.526097078280845,2019_07_02,A2,0
149.149149149149,0.514849233661659,2019_07_01,A2,0
150.15015015015,0.512524642517294,2019_07_02,A1,0
151.151151151151,0.517322410474849,2019_07_01,A2,0
152.152152152152,0.465998763921076,2019_07_02,A2,0
153.153153153153,0.51161268485805,2019_07_02,A1,0
154.154154154154,0.514653623664934,2019_07_01,A2,0
155.155155155155,0.464282429098682,2019_07_01,A1,0
156.156156156156,0.779492908835223,2019_07_01,A1,1
157.157157157157,0.523691646045589,2019_07_02,A1,0
158.158158158158,0.440434825139868,2019_07_01,A2,0
159.159159159159,0.532827680431692,2019_07_02,A1,0
160.16016016016,0.451265916488634,2019_07_01,A1,0
161.161161161161,0.69424396511094,2019_07_02,A1,1
162.162162162162,0.55792977895037,2019_07_02,A2,0
163.163163163163,0.458965884082415,2019_07_01,A2,0
164.164164164164,0.548168806462216,2019_07_02,A2,0
165.165165165165,0.520639046346825,2019_07_02,A2,0
166.166166166166,0.541103007999725,2019_07_01,A2,0
167.167167167167,0.594839649132697,2019_07_02,A2,0
168.168168168168,0.487730594199857,2019_07_01,A2,0
169.169169169169,0.581292825168526,2019_07_01,A1,1
170.17017017017,0.604222532115389,2019_07_01,A1,1
171.171171171171,0.459209485751728,2019_07_01,A1,0
172.172172172172,0.496144914529295,2019_07_02,A1,0
173.173173173173,0.517057598740832,2019_07_02,A2,0
174.174174174174,0.513834539966501,2019_07_02,A1,0
175.175175175175,0.715240132375321,2019_07_01,A1,1
176.176176176176,0.609655722009954,2019_07_02,A1,1
177.177177177177,0.572676703857866,2019_07_02,A1,0
178.178178178178,0.486767158338102,2019_07_01,A2,0
179.179179179179,0.636008458329481,2019_07_01,A2,0
180.18018018018,0.53128336738825,2019_07_02,A2,0
181.181181181181,0.581043771112225,2019_07_01,A1,1
182.182182182182,0.446455375096944,2019_07_01,A2,0
183.183183183183,0.524123620762159,2019_07_01,A1,0
184.184184184184,0.488826860733708,2019_07_01,A2,0
185.185185185185,0.535700024704605,2019_07_02,A2,0
186.186186186186,0.694059876005993,2019_07_01,A2,1
187.187187187187,0.496358554367156,2019_07_01,A2,0
188.188188188188,0.566002317829602,2019_07_01,A2,1
189.189189189189,0.424257638765707,2019_07_01,A1,0
190.19019019019,0.477674252396649,2019_07_01,A2,0
191.191191191191,0.542819939716174,2019_07_01,A1,0
192.192192192192,0.51070468720651,2019_07_01,A1,0
193.193193193193,0.543765634291996,2019_07_01,A1,1
194.194194194194,0.694703170058782,2019_07_02,A1,1
195.195195195195,0.519265868986442,2019_07_01,A1,0
196.196196196196,0.590680480089622,2019_07_02,A2,1
197.197197197197,0.507686255297276,2019_07_01,A2,0
198.198198198198,0.662853231515156,2019_07_01,A2,1
199.199199199199,0.442851485108469,2019_07_01,A2,0
200.2002002002,0.517889368017414,2019_07_01,A1,0
201.201201201201,0.528039226318412,2019_07_02,A2,0
202.202202202202,0.554152562158764,2019_07_01,A2,0
203.203203203203,0.552690102601745,2019_07_01,A1,0
204.204204204204,0.630137473346604,2019_07_02,A1,1
205.205205205205,0.453108748004244,2019_07_02,A2,0
206.206206206206,0.525751763360433,2019_07_01,A2,0
207.207207207207,0.52568929754561,2019_07_02,A1,0
208.208208208208,0.525752384315302,2019_07_02,A2,0
209.209209209209,1.01119118567501,2019_07_02,A2,1
210.21021021021,0.528544525534658,2019_07_01,A2,0
211.211211211211,0.55677828200903,2019_07_01,A2,0
212.212212212212,0.54770008817466,2019_07_01,A1,0
213.213213213213,0.53256956256529,2019_07_02,A1,0
214.214214214214,0.609500192461896,2019_07_01,A1,1
215.215215215215,0.537948461024663,2019_07_02,A2,0
216.216216216216,0.461358739273121,2019_07_01,A2,0
217.217217217217,0.488159069663,2019_07_01,A2,0
218.218218218218,0.475731822608545,2019_07_02,A2,0
219.219219219219,0.504093706969316,2019_07_01,A2,0
220.22022022022,0.615732928333675,2019_07_02,A1,0
221.221221221221,0.529229150406471,2019_07_02,A2,1
222.222222222222,0.534313009518726,2019_07_01,A2,0
223.223223223223,0.419364206440517,2019_07_02,A1,0
224.224224224224,0.660927611033396,2019_07_01,A2,1
225.225225225225,0.554447529848368,2019_07_01,A1,0
226.226226226226,0.503214000954773,2019_07_02,A1,0
227.227227227227,0.446112761103535,2019_07_01,A1,0
228.228228228228,0.464234814537002,2019_07_02,A1,0
229.229229229229,0.533979887446734,2019_07_01,A1,0
230.23023023023,0.463481668414143,2019_07_01,A2,0
231.231231231231,0.510822929479099,2019_07_01,A1,0
232.232232232232,0.502278591995191,2019_07_01,A1,0
233.233233233233,0.467419982619709,2019_07_01,A2,0
234.234234234234,0.758881316645057,2019_07_02,A2,1
235.235235235235,0.669273471473794,2019_07_02,A1,1
236.236236236236,0.39874287066712,2019_07_02,A2,0
237.237237237237,0.509322715738471,2019_07_02,A2,0
238.238238238238,0.466910676761581,2019_07_02,A1,0
239.239239239239,0.782579173998425,2019_07_02,A1,1
240.24024024024,0.460373963078365,2019_07_01,A2,0
241.241241241241,0.494263177926655,2019_07_01,A1,0
242.242242242242,0.525249363949023,2019_07_02,A1,0
243.243243243243,0.543287759708506,2019_07_02,A2,0
244.244244244244,0.547116960600735,2019_07_01,A1,1
245.245245245245,0.483274938207953,2019_07_01,A1,0
246.246246246246,0.476252734441952,2019_07_01,A1,0
247.247247247247,0.467333538371314,2019_07_02,A1,0
248.248248248248,0.588272712014055,2019_07_02,A1,0
249.249249249249,0.520249085548048,2019_07_02,A2,0
250.25025025025,0.436955802283248,2019_07_01,A2,0
251.251251251251,0.545893097352739,2019_07_01,A1,0
252.252252252252,0.606107809850632,2019_07_02,A2,0
253.253253253253,0.551623263027557,2019_07_02,A1,0
254.254254254254,0.424031501702299,2019_07_01,A1,0
255.255255255255,0.475788296356687,2019_07_01,A1,0
256.256256256256,0.563345557459331,2019_07_01,A1,0
257.257257257257,0.464616526719061,2019_07_01,A1,0
258.258258258258,0.522190971407311,2019_07_02,A2,0
259.259259259259,0.538731702671467,2019_07_01,A2,0
260.26026026026,0.453653476421096,2019_07_01,A1,0
261.261261261261,0.49702373219691,2019_07_01,A2,0
262.262262262262,0.337936632996546,2019_07_02,A1,0
263.263263263263,0.448780617933286,2019_07_02,A2,0
264.264264264264,0.487371592430342,2019_07_01,A1,0
265.265265265265,0.437610840901758,2019_07_01,A2,0
266.266266266266,0.581620565196582,2019_07_01,A1,0
267.267267267267,0.428492931101968,2019_07_02,A1,0
268.268268268268,0.69123891792808,2019_07_02,A2,1
269.269269269269,0.506537028864305,2019_07_02,A2,0
270.27027027027,0.572063664453306,2019_07_01,A1,0
271.271271271271,0.53783513159803,2019_07_02,A2,1
272.272272272272,0.558158187607748,2019_07_01,A1,0
273.273273273273,0.731882182513124,2019_07_01,A2,1
274.274274274274,0.674772392412955,2019_07_01,A2,1
275.275275275275,0.523105173713164,2019_07_02,A1,0
276.276276276276,0.509952984778674,2019_07_01,A2,0
277.277277277277,0.46998915614206,2019_07_02,A2,0
278.278278278278,0.503490104249501,2019_07_02,A1,0
279.279279279279,0.480734320156912,2019_07_01,A2,0
280.28028028028,0.505675867262562,2019_07_01,A1,0
281.281281281281,0.533106533726052,2019_07_02,A1,0
282.282282282282,0.865437649461722,2019_07_01,A1,1
283.283283283283,0.438109225058658,2019_07_02,A1,0
284.284284284284,0.606651668732813,2019_07_01,A1,0
285.285285285285,0.402395610023875,2019_07_02,A2,0
286.286286286286,0.492410745248221,2019_07_02,A1,0
287.287287287287,0.529415860324229,2019_07_02,A1,0
288.288288288288,0.514049593386752,2019_07_02,A2,0
289.289289289289,0.46886502400897,2019_07_01,A2,0
290.29029029029,0.489593887482136,2019_07_01,A2,0
291.291291291291,0.650304727022335,2019_07_02,A1,1
292.292292292292,0.470531762152789,2019_07_02,A1,0
293.293293293293,0.542480104851051,2019_07_01,A1,0
294.294294294294,0.517850774298252,2019_07_01,A2,0
295.295295295295,0.57059623211258,2019_07_01,A1,1
296.296296296296,0.544979993771663,2019_07_01,A2,0
297.297297297297,0.515364976043831,2019_07_01,A1,0
298.298298298298,0.771629934796531,2019_07_01,A2,1
299.299299299299,0.531481442096181,2019_07_02,A1,0
300.3003003003,0.458550249453896,2019_07_01,A1,0
301.301301301301,0.471990947990152,2019_07_01,A1,0
302.302302302302,0.537364680256163,2019_07_02,A2,0
303.303303303303,0.530518513271673,2019_07_01,A2,0
304.304304304304,0.498954920301793,2019_07_01,A1,0
305.305305305305,0.505866369165439,2019_07_01,A1,0
306.306306306306,0.563883244789421,2019_07_01,A1,0
307.307307307307,0.470421430558209,2019_07_01,A2,0
308.308308308308,0.527354869058502,2019_07_02,A1,0
309.309309309309,0.489890367378305,2019_07_01,A1,0
310.31031031031,0.489115939838639,2019_07_02,A1,0
311.311311311311,0.55493884259936,2019_07_02,A1,0
312.312312312312,0.541270817449402,2019_07_01,A2,0
313.313313313313,0.540675481800032,2019_07_02,A2,0
314.314314314314,0.834040444633683,2019_07_01,A1,1
315.315315315315,0.501050192081638,2019_07_02,A1,0
316.316316316316,0.534097648564748,2019_07_02,A2,0
317.317317317317,0.484486662170327,2019_07_01,A2,0
318.318318318318,0.516208317624422,2019_07_01,A1,0
319.319319319319,0.493492847281616,2019_07_01,A2,0
320.32032032032,0.504849798249636,2019_07_01,A2,0
321.321321321321,0.529757851271846,2019_07_01,A1,0
322.322322322322,0.459088965838326,2019_07_02,A2,0
323.323323323323,0.604619363784273,2019_07_02,A2,0
324.324324324324,0.449699130925015,2019_07_02,A1,0
325.325325325325,0.439290569360613,2019_07_02,A1,0
326.326326326326,0.8023780317248,2019_07_02,A2,1
327.327327327327,0.539583134698147,2019_07_02,A1,0
328.328328328328,0.531205990852608,2019_07_02,A2,0
329.329329329329,0.755632373852176,2019_07_01,A1,1
330.33033033033,0.499387661357654,2019_07_01,A2,0
331.331331331331,0.455137281425708,2019_07_02,A1,0
332.332332332332,0.715248427555085,2019_07_02,A2,1
333.333333333333,0.466141914424394,2019_07_01,A2,0
334.334334334334,0.548755986670888,2019_07_01,A2,0
335.335335335335,0.492647130924893,2019_07_01,A1,0
336.336336336336,0.575656303784876,2019_07_01,A1,1
337.337337337337,0.48393070791735,2019_07_02,A2,0
338.338338338338,0.520646572713781,2019_07_01,A2,0
339.339339339339,0.471813772359801,2019_07_02,A1,0
340.34034034034,0.458888980221679,2019_07_02,A1,0
341.341341341341,0.512184360574596,2019_07_02,A1,0
342.342342342342,0.512248328555436,2019_07_01,A1,0
343.343343343343,0.474652841231444,2019_07_01,A1,0
344.344344344344,0.476448084719084,2019_07_02,A1,0
345.345345345345,0.511602496867882,2019_07_02,A2,0
346.346346346346,0.427595782925134,2019_07_02,A1,0
347.347347347347,0.429626811281172,2019_07_01,A2,0
348.348348348348,0.464077788937378,2019_07_02,A1,0
349.349349349349,0.489327642414408,2019_07_01,A1,0
350.35035035035,0.5155453782799,2019_07_02,A2,0
351.351351351351,0.573767810847478,2019_07_02,A2,0
352.352352352352,0.542882981160101,2019_07_02,A1,0
353.353353353353,0.492003073501829,2019_07_01,A2,0
354.354354354354,0.499049189604866,2019_07_01,A2,0
355.355355355355,0.44987353176811,2019_07_02,A2,0
356.356356356356,0.610429509297417,2019_07_01,A2,1
357.357357357357,0.485567068053993,2019_07_02,A1,0
358.358358358358,0.516135928016904,2019_07_01,A2,0
359.359359359359,0.641752778634488,2019_07_01,A1,1
360.36036036036,0.525967325712059,2019_07_01,A1,0
361.361361361361,0.576636945650129,2019_07_02,A1,0
362.362362362362,0.494561992577157,2019_07_01,A1,0
363.363363363363,0.520085586104947,2019_07_01,A2,0
364.364364364364,0.534507199585556,2019_07_02,A2,0
365.365365365365,0.479938976405708,2019_07_02,A1,0
366.366366366366,0.511204624090521,2019_07_02,A1,0
367.367367367367,0.708892749443398,2019_07_02,A1,1
368.368368368368,0.504883804927442,2019_07_01,A1,0
369.369369369369,0.461349510807227,2019_07_01,A2,0
370.37037037037,0.501225508712947,2019_07_01,A1,0
371.371371371371,0.717745110109047,2019_07_01,A2,1
372.372372372372,0.572557180389752,2019_07_01,A1,0
373.373373373373,0.54796354130426,2019_07_02,A1,0
374.374374374374,0.607659122875578,2019_07_01,A1,0
375.375375375375,0.461632621855598,2019_07_01,A1,0
376.376376376376,0.543616031836034,2019_07_01,A2,0
377.377377377377,0.509167100286918,2019_07_02,A2,0
378.378378378378,0.609490146660884,2019_07_02,A2,0
379.379379379379,0.631090712979953,2019_07_01,A1,1
380.38038038038,0.458013907890961,2019_07_02,A1,0
381.381381381381,0.470030367727799,2019_07_02,A2,0
382.382382382382,0.39380521378451,2019_07_02,A2,0
383.383383383383,0.473712248915962,2019_07_02,A1,0
384.384384384384,0.462043366922315,2019_07_02,A1,0
385.385385385385,0.50751968932381,2019_07_02,A2,0
386.386386386386,0.517087798788858,2019_07_02,A1,0
387.387387387387,0.593808541960794,2019_07_01,A1,0
388.388388388388,0.820801856588788,2019_07_01,A2,1
389.389389389389,0.47115481721688,2019_07_02,A1,0
390.390390390391,0.455079266432582,2019_07_01,A2,0
391.391391391391,0.524595958575325,2019_07_01,A1,0
392.392392392392,0.433988339648968,2019_07_02,A2,0
393.393393393393,0.591572938292718,2019_07_01,A1,0
394.394394394395,0.558972006036064,2019_07_02,A2,0
395.395395395395,0.663727750000512,2019_07_02,A2,1
396.396396396396,0.414343273545456,2019_07_02,A2,0
397.397397397397,0.743172222277564,2019_07_01,A2,1
398.398398398399,0.494273007737369,2019_07_01,A1,0
399.399399399399,0.561890815598673,2019_07_01,A1,0
400.4004004004,0.420278617060282,2019_07_01,A2,0
401.401401401401,0.608196275677888,2019_07_02,A1,1
402.402402402403,0.625690081691904,2019_07_02,A1,1
403.403403403403,0.502349029688237,2019_07_01,A1,0
404.404404404404,0.477496726426038,2019_07_02,A1,0
405.405405405405,0.531142496617375,2019_07_02,A1,0
406.406406406407,0.44661897853087,2019_07_01,A2,0
407.407407407407,0.687815656564632,2019_07_02,A2,1
408.408408408408,0.506014781585595,2019_07_01,A2,0
409.409409409409,0.525721941702937,2019_07_02,A2,0
410.410410410411,0.535580743904444,2019_07_01,A1,0
411.411411411411,0.652819119897738,2019_07_02,A1,1
412.412412412412,0.423294291463219,2019_07_02,A2,0
413.413413413413,0.563883841094925,2019_07_01,A1,0
414.414414414415,0.51661570059898,2019_07_01,A1,0
415.415415415416,0.462575673172172,2019_07_01,A2,0
416.416416416416,0.577557598776126,2019_07_01,A1,0
417.417417417418,0.505783731714643,2019_07_02,A2,0
418.418418418419,0.558964859203191,2019_07_02,A2,0
419.41941941942,0.503375924070506,2019_07_01,A1,0
420.42042042042,0.878662983688966,2019_07_02,A1,1
421.421421421422,0.58776704212216,2019_07_01,A2,0
422.422422422423,0.487551792576046,2019_07_01,A2,0
423.423423423424,0.548578547547718,2019_07_02,A1,0
424.424424424424,0.532268797479257,2019_07_02,A2,0
425.425425425426,0.764885905242191,2019_07_01,A2,1
426.426426426427,0.451753826970995,2019_07_01,A2,0
427.427427427428,0.534302572999922,2019_07_01,A1,0
428.428428428428,0.552921224342479,2019_07_02,A2,0
429.42942942943,0.412063025678844,2019_07_02,A1,0
430.430430430431,0.615069360018755,2019_07_02,A2,1
431.431431431432,0.398038391111995,2019_07_02,A1,0
432.432432432432,0.486529658277772,2019_07_01,A2,0
433.433433433434,0.535877112789798,2019_07_01,A1,0
434.434434434435,0.575117852604801,2019_07_01,A1,0
435.435435435436,0.503704739020989,2019_07_01,A1,0
436.436436436437,0.581430777278565,2019_07_01,A2,0
437.437437437438,0.633413511867041,2019_07_01,A2,1
438.438438438439,0.414830878032242,2019_07_02,A2,0
439.43943943944,0.497222615055169,2019_07_02,A1,0
440.440440440441,0.519203272446965,2019_07_01,A2,0
441.441441441442,0.498365262595295,2019_07_01,A1,0
442.442442442443,0.592776098703534,2019_07_02,A2,1
443.443443443444,0.695991963821381,2019_07_02,A1,1
444.444444444445,0.434776524974757,2019_07_02,A1,0
445.445445445446,0.533483627441502,2019_07_02,A1,0
446.446446446447,0.636636420161447,2019_07_01,A2,1
447.447447447448,0.453006010683632,2019_07_01,A2,0
448.448448448449,0.474306654133165,2019_07_01,A2,0
449.44944944945,0.447039323905552,2019_07_01,A1,0
450.450450450451,0.496866045136341,2019_07_01,A1,0
451.451451451452,0.547757116025062,2019_07_02,A2,0
452.452452452453,0.450713697683223,2019_07_01,A2,0
453.453453453454,0.525202325775892,2019_07_02,A2,0
454.454454454455,0.473487119081378,2019_07_01,A1,0
455.455455455456,0.460356358386883,2019_07_01,A1,0
456.456456456457,0.494648482002272,2019_07_01,A1,0
457.457457457458,0.65619631452487,2019_07_01,A1,1
458.458458458459,0.472317534732641,2019_07_01,A1,0
459.45945945946,0.440106105370558,2019_07_02,A2,0
460.460460460461,0.59823625664582,2019_07_02,A1,0
461.461461461462,0.501763177598587,2019_07_02,A1,0
462.462462462463,0.601949048775605,2019_07_01,A1,1
463.463463463464,0.706828829351588,2019_07_01,A1,1
464.464464464465,0.494383597515459,2019_07_02,A1,0
465.465465465466,0.488951520023339,2019_07_01,A2,0
466.466466466467,0.650609880386906,2019_07_01,A1,1
467.467467467468,0.537875385502365,2019_07_02,A1,0
468.468468468469,0.473474942619474,2019_07_01,A1,0
469.46946946947,0.471209087967766,2019_07_02,A2,0
470.470470470471,0.486247415142418,2019_07_01,A2,0
471.471471471472,0.515020210951552,2019_07_02,A2,1
472.472472472473,0.424240446890072,2019_07_01,A1,0
473.473473473474,0.568343713372226,2019_07_01,A2,0
474.474474474475,0.582248385675064,2019_07_02,A1,0
475.475475475476,0.487548198022181,2019_07_01,A1,0
476.476476476477,0.528827848152788,2019_07_01,A2,0
477.477477477478,0.515562507727177,2019_07_02,A1,0
478.478478478479,0.97451189073655,2019_07_01,A1,1
479.47947947948,0.555978745571729,2019_07_02,A1,0
480.480480480481,0.493604120425962,2019_07_01,A2,0
481.481481481482,0.452222977969979,2019_07_01,A1,0
482.482482482483,0.419677683987121,2019_07_01,A1,0
483.483483483484,0.727625472556546,2019_07_01,A2,1
484.484484484485,0.462182462735785,2019_07_02,A1,0
485.485485485486,0.603040568046575,2019_07_01,A1,1
486.486486486487,0.467671355787874,2019_07_02,A2,0
487.487487487488,0.44592259981928,2019_07_01,A1,0
488.488488488489,0.584357081753628,2019_07_01,A1,0
489.48948948949,0.544081987847473,2019_07_01,A1,0
490.490490490491,0.499601367934169,2019_07_01,A1,0
491.491491491492,0.727956372970528,2019_07_02,A1,1
492.492492492493,0.503868415382381,2019_07_02,A2,0
493.493493493494,0.456935789933587,2019_07_02,A2,0
494.494494494495,0.576156203863483,2019_07_02,A2,0
495.495495495496,0.74600899060265,2019_07_01,A2,1
496.496496496497,0.448137692283677,2019_07_02,A1,0
497.497497497498,0.49048306609582,2019_07_02,A1,0
498.498498498499,0.55683894702349,2019_07_01,A1,1
499.4994994995,0.430860013451783,2019_07_01,A1,0
500.500500500501,0.793152136973165,2019_07_01,A1,1
501.501501501502,0.595470832023507,2019_07_01,A2,0
502.502502502503,0.430071621309043,2019_07_02,A2,0
503.503503503504,0.528148461834529,2019_07_02,A1,0
504.504504504505,0.467467871543909,2019_07_01,A1,0
505.505505505506,0.688903597771912,2019_07_01,A1,1
506.506506506507,0.470380303788057,2019_07_01,A2,0
507.507507507508,0.456800461516009,2019_07_02,A1,0
508.508508508509,0.502426081397241,2019_07_02,A1,0
509.50950950951,0.458452494179448,2019_07_01,A1,0
510.510510510511,0.513522841288992,2019_07_01,A2,0
511.511511511512,0.497488094527543,2019_07_02,A1,0
512.512512512513,0.48805259765668,2019_07_01,A2,0
513.513513513514,0.563252761108655,2019_07_01,A2,1
514.514514514515,0.471161433471583,2019_07_02,A2,0
515.515515515516,0.537769561291288,2019_07_01,A2,0
516.516516516517,0.525045859381219,2019_07_02,A2,0
517.517517517518,0.59512695994807,2019_07_01,A2,1
518.518518518519,0.504966615271461,2019_07_01,A1,0
519.51951951952,0.53756935616859,2019_07_02,A1,0
520.520520520521,0.416529735943931,2019_07_02,A1,0
521.521521521522,0.527168009618997,2019_07_01,A2,0
522.522522522523,0.466868812052708,2019_07_02,A1,0
523.523523523524,0.528529933429658,2019_07_01,A2,0
524.524524524525,0.461837042172874,2019_07_01,A2,0
525.525525525526,0.409755894966774,2019_07_02,A2,0
526.526526526527,0.595240452355769,2019_07_01,A1,1
527.527527527528,0.502404247333069,2019_07_01,A2,0
528.528528528529,0.512986125086074,2019_07_02,A2,0
529.52952952953,0.45478416874478,2019_07_02,A1,0
530.530530530531,0.531929622938869,2019_07_01,A1,0
531.531531531532,0.416923996886552,2019_07_02,A2,0
532.532532532533,0.496696010067634,2019_07_02,A2,0
533.533533533534,0.439449190011877,2019_07_02,A1,0
534.534534534535,0.662577133860071,2019_07_02,A1,1
535.535535535536,0.502369933565821,2019_07_01,A1,0
536.536536536537,0.456979331735802,2019_07_01,A2,0
537.537537537538,0.480772222788509,2019_07_01,A1,0
538.538538538539,0.550314640460722,2019_07_02,A1,0
539.53953953954,0.471155406523843,2019_07_02,A1,0
540.540540540541,0.541784605603257,2019_07_02,A2,0
541.541541541542,0.634916653186469,2019_07_02,A1,1
542.542542542543,0.634622717892407,2019_07_02,A1,1
543.543543543544,0.572078431032895,2019_07_02,A1,0
544.544544544545,0.376417774993636,2019_07_02,A1,0
545.545545545546,0.460155237226476,2019_07_01,A1,0
546.546546546547,0.528853606359027,2019_07_01,A2,0
547.547547547548,0.70346593725234,2019_07_02,A2,1
548.548548548549,0.518557293668565,2019_07_02,A2,0
549.54954954955,0.469800740664209,2019_07_02,A1,0
550.550550550551,0.504329489373645,2019_07_01,A2,0
551.551551551552,0.492216138230396,2019_07_01,A2,0
552.552552552553,0.55838910308299,2019_07_02,A2,0
553.553553553554,0.512721042165061,2019_07_02,A1,0
554.554554554555,0.51688013310376,2019_07_01,A1,0
555.555555555556,0.479406151693877,2019_07_01,A2,0
556.556556556557,0.475619688796375,2019_07_01,A2,0
557.557557557558,0.478372090609019,2019_07_01,A1,0
558.558558558559,0.519722607118915,2019_07_02,A1,0
559.55955955956,0.478950775958987,2019_07_01,A2,0
560.560560560561,0.514488742844821,2019_07_01,A1,0
561.561561561562,0.603770039932272,2019_07_02,A2,0
562.562562562563,0.543556235171585,2019_07_01,A1,0
563.563563563564,0.483698823391608,2019_07_01,A2,0
564.564564564565,0.76579678482836,2019_07_01,A2,1
565.565565565566,0.479596231348922,2019_07_02,A1,0
566.566566566567,0.398093773241107,2019_07_01,A2,0
567.567567567568,0.552673926415386,2019_07_02,A2,1
568.568568568569,0.531159209130741,2019_07_02,A2,1
569.56956956957,0.482424325797935,2019_07_01,A1,0
570.570570570571,0.500920918959478,2019_07_01,A1,0
571.571571571572,0.754653761617146,2019_07_01,A1,1
572.572572572573,0.645505044590266,2019_07_01,A2,1
573.573573573574,0.489044973559557,2019_07_02,A1,0
574.574574574575,0.541470279059174,2019_07_01,A2,0
575.575575575576,0.389443234549606,2019_07_01,A2,0
576.576576576577,0.653130707339962,2019_07_01,A1,1
577.577577577578,0.538543259694348,2019_07_02,A1,0
578.578578578579,0.6088322551863,2019_07_01,A2,1
579.57957957958,0.557187702160346,2019_07_01,A2,0
580.580580580581,0.516924820374721,2019_07_02,A1,0
581.581581581582,0.669415559955292,2019_07_02,A1,1
582.582582582583,0.531639093305314,2019_07_01,A1,0
583.583583583584,0.61353464289022,2019_07_01,A2,0
584.584584584585,0.509093312752925,2019_07_01,A2,0
585.585585585586,0.512411029315017,2019_07_01,A2,0
586.586586586587,0.685167629965856,2019_07_01,A2,1
587.587587587588,0.45750778152676,2019_07_02,A2,0
588.588588588589,0.541516790827212,2019_07_02,A1,0
589.58958958959,0.457195808704557,2019_07_01,A1,0
590.590590590591,0.50357831186097,2019_07_01,A2,0
591.591591591592,0.476117127661744,2019_07_02,A2,0
592.592592592593,0.628768403072073,2019_07_01,A1,1
593.593593593594,0.516683105264348,2019_07_01,A1,0
594.594594594595,0.551876997212895,2019_07_01,A1,0
595.595595595596,0.474499180057263,2019_07_01,A1,0
596.596596596597,0.486506253235331,2019_07_01,A2,0
597.597597597598,0.451061814210885,2019_07_02,A1,0
598.598598598599,0.477785336996194,2019_07_01,A2,0
599.5995995996,0.708069984527438,2019_07_01,A1,1
600.600600600601,0.537849430832268,2019_07_01,A1,0
601.601601601602,0.453891733791119,2019_07_02,A1,0
602.602602602603,0.543480296005283,2019_07_02,A2,0
603.603603603604,0.822041276447641,2019_07_02,A2,1
604.604604604605,0.520671745161185,2019_07_02,A1,0
605.605605605606,0.872402541634909,2019_07_01,A2,1
606.606606606607,0.461310540044821,2019_07_02,A2,0
607.607607607608,0.437767264834429,2019_07_01,A1,0
608.608608608609,0.411063987554786,2019_07_01,A1,0
609.60960960961,0.574802215574459,2019_07_02,A2,0
610.610610610611,0.532718282817703,2019_07_02,A2,0
611.611611611612,0.497220766454477,2019_07_02,A2,0
612.612612612613,0.63049724156301,2019_07_02,A1,1
613.613613613614,0.443725547635081,2019_07_02,A1,0
614.614614614615,0.622287598980841,2019_07_01,A2,0
615.615615615616,0.506461059098761,2019_07_02,A1,0
616.616616616617,0.505469739730245,2019_07_02,A1,0
617.617617617618,0.536288331194935,2019_07_02,A2,0
618.618618618619,0.524050461586836,2019_07_01,A2,0
619.61961961962,0.511194201213957,2019_07_02,A1,0
620.620620620621,0.460476277227734,2019_07_01,A1,0
621.621621621622,0.5235734178568,2019_07_02,A2,0
622.622622622623,0.594101224823752,2019_07_02,A1,0
623.623623623624,0.567271002307749,2019_07_01,A1,0
624.624624624625,0.57965933133197,2019_07_02,A2,0
625.625625625626,0.474439216178441,2019_07_01,A2,0
626.626626626627,0.668621238268925,2019_07_01,A1,1
627.627627627628,0.657781391906718,2019_07_01,A1,1
628.628628628629,0.502786245614435,2019_07_02,A1,0
629.62962962963,0.554709575923547,2019_07_02,A2,0
630.630630630631,0.415376768514259,2019_07_02,A1,0
631.631631631632,0.576477515973031,2019_07_01,A1,0
632.632632632633,0.492099605071051,2019_07_02,A2,0
633.633633633634,0.627795470762253,2019_07_01,A2,1
634.634634634635,0.449394781236992,2019_07_02,A1,0
635.635635635636,0.570705760086641,2019_07_01,A2,1
636.636636636637,0.541158529198096,2019_07_01,A2,0
637.637637637638,0.50366589835942,2019_07_01,A1,0
638.638638638639,0.435501955012947,2019_07_02,A2,0
639.63963963964,0.435246061396819,2019_07_01,A2,0
640.640640640641,0.483210765035494,2019_07_01,A1,0
641.641641641642,0.58345107626447,2019_07_01,A2,0
642.642642642643,0.48702043243182,2019_07_01,A1,0
643.643643643644,0.424842852344095,2019_07_01,A1,0
644.644644644645,0.619311889285412,2019_07_01,A2,1
645.645645645646,0.486363821512617,2019_07_02,A2,0
646.646646646647,0.365155667852921,2019_07_02,A2,0
647.647647647648,0.497285256674109,2019_07_01,A1,0
648.648648648649,0.488453273489566,2019_07_02,A2,0
649.64964964965,0.797847626335677,2019_07_02,A1,1
650.650650650651,0.7856068911107,2019_07_01,A2,1
651.651651651652,0.789869605500417,2019_07_01,A2,1
652.652652652653,0.486555565472259,2019_07_01,A2,0
653.653653653654,0.444673704562917,2019_07_02,A1,0
654.654654654655,0.628667990162493,2019_07_01,A2,0
655.655655655656,0.716611234066712,2019_07_02,A2,1
656.656656656657,0.500696464595647,2019_07_01,A1,0
657.657657657658,0.4987937456445,2019_07_02,A1,0
658.658658658659,0.509904238038393,2019_07_01,A2,0
659.65965965966,0.492781979403803,2019_07_01,A2,0
660.660660660661,0.471316899655988,2019_07_02,A2,0
661.661661661662,0.47265705293798,2019_07_02,A1,0
662.662662662663,0.4983623364892,2019_07_02,A1,0
663.663663663664,0.472828761443312,2019_07_02,A1,0
664.664664664665,0.464357710866142,2019_07_02,A1,0
665.665665665666,0.505321511384595,2019_07_02,A2,0
666.666666666667,0.715847886948534,2019_07_01,A1,1
667.667667667668,0.726434525907276,2019_07_02,A1,1
668.668668668669,0.367451509580349,2019_07_01,A1,0
669.66966966967,0.554575342596123,2019_07_01,A2,0
670.670670670671,0.766719659695677,2019_07_02,A2,1
671.671671671672,0.396330488379593,2019_07_01,A1,0
672.672672672673,0.654793380259765,2019_07_02,A1,1
673.673673673674,0.48142795670021,2019_07_02,A2,0
674.674674674675,0.429624415264109,2019_07_01,A2,0
675.675675675676,0.461109165620456,2019_07_01,A2,0
676.676676676677,0.444471207726709,2019_07_02,A2,0
677.677677677678,0.587613522171181,2019_07_02,A2,0
678.678678678679,0.779286750320713,2019_07_01,A2,1
679.67967967968,0.563577754749708,2019_07_01,A2,0
680.680680680681,0.536083603202162,2019_07_01,A2,0
681.681681681682,0.564769798201075,2019_07_01,A1,1
682.682682682683,0.473773986686011,2019_07_02,A1,0
683.683683683684,0.694306565011477,2019_07_02,A1,1
684.684684684685,0.438893609555403,2019_07_02,A1,0
685.685685685686,0.53564992150862,2019_07_02,A1,0
686.686686686687,0.487983730092093,2019_07_01,A1,0
687.687687687688,0.48125895962252,2019_07_01,A2,0
688.688688688689,0.535547998410175,2019_07_02,A2,0
689.68968968969,0.522213165574302,2019_07_02,A1,0
690.690690690691,0.481951691709046,2019_07_02,A1,0
691.691691691692,0.832506769165849,2019_07_02,A2,1
692.692692692693,0.445946833620005,2019_07_02,A2,0
693.693693693694,0.530796780347213,2019_07_02,A2,0
694.694694694695,0.529655062898419,2019_07_02,A1,0
695.695695695696,0.484522678034301,2019_07_02,A2,0
696.696696696697,0.516306651112106,2019_07_02,A1,0
697.697697697698,0.437444321180735,2019_07_01,A1,0
698.698698698699,0.546201350960345,2019_07_02,A2,0
699.6996996997,0.490754893177851,2019_07_01,A2,0
700.700700700701,0.688581603873107,2019_07_01,A1,1
701.701701701702,0.552450461291845,2019_07_02,A2,0
702.702702702703,0.618464013942124,2019_07_02,A2,1
703.703703703704,0.429576935181822,2019_07_01,A1,0
704.704704704705,0.575315980714805,2019_07_01,A2,1
705.705705705706,0.530300497567282,2019_07_02,A1,0
706.706706706707,0.435978532375186,2019_07_01,A1,0
707.707707707708,0.587739709099218,2019_07_02,A2,0
708.708708708709,0.52040868970692,2019_07_02,A1,1
709.70970970971,0.873385242788669,2019_07_02,A1,1
710.710710710711,0.764052042023393,2019_07_01,A2,1
711.711711711712,0.49516434440648,2019_07_01,A2,0
712.712712712713,0.472754045659553,2019_07_02,A2,0
713.713713713714,0.519956805717604,2019_07_01,A1,0
714.714714714715,0.498118264878758,2019_07_01,A1,0
715.715715715716,0.555165094100826,2019_07_01,A2,0
716.716716716717,0.623988658738336,2019_07_01,A1,1
717.717717717718,0.507515088073094,2019_07_01,A2,0
718.718718718719,0.481819389389307,2019_07_01,A2,0
719.71971971972,0.497152718813947,2019_07_01,A1,0
720.720720720721,0.515390088444603,2019_07_02,A2,0
721.721721721722,0.414491580367169,2019_07_01,A1,0
722.722722722723,0.432590728894714,2019_07_01,A1,0
723.723723723724,0.537163204701136,2019_07_01,A2,0
724.724724724725,0.508543271906397,2019_07_01,A1,0
725.725725725726,0.685444945612764,2019_07_01,A2,1
726.726726726727,0.50092169665327,2019_07_01,A1,0
727.727727727728,0.517379085268084,2019_07_01,A1,0
728.728728728729,0.473012015984532,2019_07_01,A1,0
729.72972972973,0.461084763729884,2019_07_02,A2,0
730.730730730731,0.509792262754884,2019_07_01,A1,0
731.731731731732,0.451081361119248,2019_07_01,A2,0
732.732732732733,0.520412637785724,2019_07_01,A1,0
733.733733733734,0.414870819788108,2019_07_01,A1,0
734.734734734735,0.551457781866282,2019_07_02,A2,0
735.735735735736,0.735766071814618,2019_07_02,A2,1
736.736736736737,0.512801486715694,2019_07_02,A2,0
737.737737737738,0.549134549197276,2019_07_02,A2,0
738.738738738739,0.583273722223129,2019_07_02,A2,0
739.73973973974,0.550718503250907,2019_07_02,A1,0
740.740740740741,0.407956288433418,2019_07_02,A1,0
741.741741741742,0.436021151663215,2019_07_02,A2,0
742.742742742743,0.468759071115216,2019_07_02,A1,0
743.743743743744,0.501304552510542,2019_07_02,A1,0
744.744744744745,0.525882951023456,2019_07_02,A1,0
745.745745745746,0.463712809342327,2019_07_02,A2,0
746.746746746747,0.509338338223854,2019_07_02,A1,0
747.747747747748,0.462230853382334,2019_07_02,A1,0
748.748748748749,0.469424109850403,2019_07_02,A1,0
749.74974974975,0.429666945157589,2019_07_02,A2,0
750.750750750751,0.453838337694455,2019_07_01,A1,0
751.751751751752,0.432415769719183,2019_07_02,A1,0
752.752752752753,0.451206337351133,2019_07_01,A2,0
753.753753753754,0.552682089830392,2019_07_02,A2,0
754.754754754755,0.452530055558403,2019_07_02,A1,0
755.755755755756,0.762118272346314,2019_07_01,A1,1
756.756756756757,0.524665895044045,2019_07_02,A2,0
757.757757757758,0.509241806184744,2019_07_01,A2,0
758.758758758759,0.457082110990939,2019_07_01,A2,0
759.75975975976,0.53501549397045,2019_07_01,A2,0
760.760760760761,0.702268958649873,2019_07_02,A2,1
761.761761761762,0.506100490732268,2019_07_02,A2,0
762.762762762763,0.62800422691344,2019_07_02,A2,0
763.763763763764,0.495197005013768,2019_07_01,A1,0
764.764764764765,0.557463666314284,2019_07_01,A2,0
765.765765765766,0.683497264506093,2019_07_02,A2,1
766.766766766767,0.498250575475152,2019_07_02,A1,0
767.767767767768,0.836779402217123,2019_07_02,A2,1
768.768768768769,0.468651647110612,2019_07_02,A2,0
769.76976976977,0.590622427899846,2019_07_02,A1,0
770.770770770771,0.535387596772774,2019_07_01,A2,0
771.771771771772,0.471876661205287,2019_07_01,A1,0
772.772772772773,0.765908840025596,2019_07_01,A1,1
773.773773773774,0.548627722481337,2019_07_02,A1,0
774.774774774775,0.53109049811086,2019_07_01,A1,0
775.775775775776,0.421488764005477,2019_07_01,A2,0
776.776776776777,0.463643141208757,2019_07_01,A1,0
777.777777777778,0.487624068222425,2019_07_01,A1,0
778.778778778779,0.496278328544998,2019_07_01,A2,0
779.77977977978,0.531033604877534,2019_07_02,A1,0
780.780780780781,0.508885050046663,2019_07_01,A1,0
781.781781781782,0.433232782064495,2019_07_02,A1,0
782.782782782783,0.519009892550298,2019_07_02,A1,0
783.783783783784,0.530529287264191,2019_07_02,A2,0
784.784784784785,0.763354860338468,2019_07_02,A1,1
785.785785785786,0.554039036277731,2019_07_02,A2,0
786.786786786787,0.541696107727445,2019_07_01,A2,0
787.787787787788,0.752840267442379,2019_07_01,A1,1
788.788788788789,0.496491714427068,2019_07_02,A1,0
789.78978978979,0.4169519533242,2019_07_02,A1,0
790.790790790791,0.521480910956629,2019_07_02,A1,0
791.791791791792,0.510384384358156,2019_07_01,A2,0
792.792792792793,0.633541110718465,2019_07_02,A2,1
793.793793793794,0.436162571208985,2019_07_01,A2,0
794.794794794795,0.445947172979587,2019_07_02,A1,0
795.795795795796,0.552657642666645,2019_07_01,A2,0
796.796796796797,0.498022242307167,2019_07_02,A1,0
797.797797797798,0.534075034868631,2019_07_01,A1,0
798.798798798799,0.501415918806523,2019_07_02,A1,0
799.7997997998,0.501487806974787,2019_07_01,A1,0
800.800800800801,0.5469141902988,2019_07_01,A1,0
801.801801801802,0.474197763589131,2019_07_01,A2,0
802.802802802803,0.504806038847049,2019_07_01,A2,0
803.803803803804,0.476886235564748,2019_07_01,A1,0
804.804804804805,0.478275188628384,2019_07_01,A2,0
805.805805805806,0.484541393826568,2019_07_01,A1,0
806.806806806807,0.613913315132673,2019_07_02,A1,1
807.807807807808,0.476062568916826,2019_07_02,A1,0
808.808808808809,0.562787806278676,2019_07_02,A2,0
809.80980980981,0.590440718973137,2019_07_02,A1,1
810.810810810811,0.490656417791932,2019_07_02,A1,0
811.811811811812,0.478013447086291,2019_07_01,A2,0
812.812812812813,0.689909372362308,2019_07_01,A2,1
813.813813813814,0.743632737513395,2019_07_01,A2,1
814.814814814815,0.551592226973432,2019_07_01,A1,0
815.815815815816,0.53243186184552,2019_07_01,A1,1
816.816816816817,0.513352513293463,2019_07_02,A2,0
817.817817817818,0.544481539781172,2019_07_02,A1,0
818.818818818819,0.71963688557744,2019_07_02,A2,1
819.81981981982,0.553274018753268,2019_07_02,A2,0
820.820820820821,0.474135577494981,2019_07_01,A1,0
821.821821821822,0.769186451854561,2019_07_01,A1,1
822.822822822823,0.804417638817185,2019_07_01,A2,1
823.823823823824,0.481858071978017,2019_07_02,A2,0
824.824824824825,0.477724873929961,2019_07_01,A2,0
825.825825825826,0.817699909403541,2019_07_02,A2,1
826.826826826827,0.578978607286536,2019_07_01,A1,0
827.827827827828,0.473856998642337,2019_07_01,A2,0
828.828828828829,0.478990659145207,2019_07_02,A2,0
829.82982982983,0.485910769556975,2019_07_01,A2,0
830.830830830831,0.432777474448286,2019_07_01,A1,0
831.831831831832,0.610139912986868,2019_07_02,A1,1
832.832832832833,0.449792961662397,2019_07_01,A2,0
833.833833833834,0.461610121744794,2019_07_02,A1,0
834.834834834835,0.498265755630661,2019_07_01,A1,0
835.835835835836,0.511710736626826,2019_07_01,A1,0
836.836836836837,0.577525024640704,2019_07_01,A2,0
837.837837837838,0.45008229796306,2019_07_01,A2,0
838.838838838839,0.549216119923829,2019_07_01,A1,0
839.83983983984,0.489300557788725,2019_07_01,A2,0
840.840840840841,0.630786444077866,2019_07_01,A2,1
841.841841841842,0.53374097460833,2019_07_01,A1,0
842.842842842843,0.443863898921885,2019_07_02,A1,0
843.843843843844,0.519120487309203,2019_07_02,A2,0
844.844844844845,0.508322610410653,2019_07_01,A1,0
845.845845845846,0.524622563200408,2019_07_01,A2,0
846.846846846847,0.514458432195391,2019_07_02,A2,0
847.847847847848,0.622765006995545,2019_07_01,A1,0
848.848848848849,0.468113000787434,2019_07_01,A2,0
849.84984984985,0.595305864894204,2019_07_02,A2,1
850.850850850851,0.468842973678762,2019_07_01,A1,0
851.851851851852,0.472226144041987,2019_07_01,A1,0
852.852852852853,0.468130643634674,2019_07_02,A1,0
853.853853853854,0.559450826555378,2019_07_01,A2,0
854.854854854855,0.571025212399493,2019_07_01,A1,0
855.855855855856,0.61711175687476,2019_07_02,A1,1
856.856856856857,0.458382221344789,2019_07_01,A1,0
857.857857857858,0.52357077781932,2019_07_02,A1,0
858.858858858859,0.615018743831565,2019_07_01,A2,1
859.85985985986,0.531646590887776,2019_07_01,A2,0
860.860860860861,0.735558698955214,2019_07_02,A1,1
861.861861861862,0.424212794250138,2019_07_02,A2,0
862.862862862863,0.577375260066503,2019_07_01,A1,0
863.863863863864,0.589793883654776,2019_07_02,A1,0
864.864864864865,0.469360565475781,2019_07_02,A2,0
865.865865865866,0.480614922003201,2019_07_01,A2,0
866.866866866867,0.514293269536245,2019_07_01,A1,0
867.867867867868,0.516722839499351,2019_07_01,A1,0
868.868868868869,0.532927213633642,2019_07_02,A2,0
869.86986986987,0.8283640975651,2019_07_02,A1,1
870.870870870871,0.491152638625298,2019_07_02,A2,0
871.871871871872,0.460085137773077,2019_07_02,A1,0
872.872872872873,0.431034038599274,2019_07_01,A1,0
873.873873873874,0.463453498002904,2019_07_02,A2,0
874.874874874875,0.746280972741097,2019_07_01,A2,1
875.875875875876,0.857508950973128,2019_07_02,A2,1
876.876876876877,0.474119435048191,2019_07_01,A2,0
877.877877877878,0.734839869147264,2019_07_01,A2,1
878.878878878879,0.499178855196362,2019_07_01,A2,0
879.87987987988,0.559419663672404,2019_07_02,A2,0
880.880880880881,0.868369053506668,2019_07_01,A1,1
881.881881881882,0.473456561353984,2019_07_01,A1,0
882.882882882883,0.475528027874089,2019_07_02,A1,0
883.883883883884,0.552208043853454,2019_07_01,A2,0
884.884884884885,0.675537310970623,2019_07_02,A2,1
885.885885885886,0.592335366286802,2019_07_02,A2,0
886.886886886887,0.529196409266298,2019_07_01,A1,0
887.887887887888,0.482035395460647,2019_07_01,A2,0
888.888888888889,0.529532741534616,2019_07_02,A2,0
889.88988988989,0.555435179029145,2019_07_01,A1,0
890.890890890891,0.670002342819458,2019_07_02,A2,1
891.891891891892,0.525363701555365,2019_07_02,A1,0
892.892892892893,0.553333734479458,2019_07_02,A1,0
893.893893893894,0.745148878640577,2019_07_01,A2,1
894.894894894895,0.569107949551876,2019_07_02,A2,0
895.895895895896,0.532435494379482,2019_07_01,A2,0
896.896896896897,0.687263780238712,2019_07_01,A1,1
897.897897897898,0.507335684321666,2019_07_01,A1,0
898.898898898899,0.69404970168581,2019_07_01,A1,1
899.8998998999,0.459153216450638,2019_07_02,A2,0
900.900900900901,0.518433665443645,2019_07_01,A2,0
901.901901901902,0.480333059383632,2019_07_02,A2,0
902.902902902903,0.501437241146741,2019_07_02,A2,0
903.903903903904,0.563922593130365,2019_07_01,A1,0
904.904904904905,0.509554953400995,2019_07_02,A1,0
905.905905905906,0.502321827407807,2019_07_02,A1,0
906.906906906907,0.432007192951004,2019_07_01,A1,0
907.907907907908,0.537312678301361,2019_07_02,A2,0
908.908908908909,0.532274209057054,2019_07_02,A2,0
909.90990990991,0.608162736165273,2019_07_02,A2,0
910.910910910911,0.618507481522415,2019_07_02,A1,1
911.911911911912,0.510957516383197,2019_07_01,A1,0
912.912912912913,0.512469184185538,2019_07_02,A2,0
913.913913913914,0.578872663988174,2019_07_02,A2,0
914.914914914915,0.685471527190741,2019_07_02,A1,1
915.915915915916,0.633137933315926,2019_07_02,A2,1
916.916916916917,0.530394825485827,2019_07_01,A1,0
917.917917917918,0.509330456157818,2019_07_02,A1,0
918.918918918919,0.577108257930711,2019_07_01,A1,1
919.91991991992,0.625870816839748,2019_07_02,A2,1
920.920920920921,0.553681587492989,2019_07_01,A2,0
921.921921921922,0.448674235029447,2019_07_01,A1,0
922.922922922923,0.506648483707344,2019_07_01,A2,0
923.923923923924,0.464993959253041,2019_07_01,A1,0
924.924924924925,0.559752331446242,2019_07_01,A1,0
925.925925925926,0.423840654760811,2019_07_02,A1,0
926.926926926927,0.472053907636421,2019_07_02,A1,0
927.927927927928,0.518860593753226,2019_07_02,A2,0
928.928928928929,0.578276201461717,2019_07_01,A1,0
929.92992992993,0.496712486946351,2019_07_02,A1,0
930.930930930931,0.47224002366534,2019_07_01,A2,0
931.931931931932,0.59405785347203,2019_07_01,A1,0
932.932932932933,0.427599304979188,2019_07_02,A1,0
933.933933933934,0.390059702168996,2019_07_02,A2,0
934.934934934935,0.522000722502667,2019_07_01,A2,0
935.935935935936,0.474897288782369,2019_07_01,A2,0
936.936936936937,0.670653415065734,2019_07_02,A1,1
937.937937937938,0.535417822364968,2019_07_02,A2,0
938.938938938939,0.692539999721701,2019_07_02,A2,1
939.93993993994,0.471796068463164,2019_07_02,A1,0
940.940940940941,0.435984780066455,2019_07_01,A1,0
941.941941941942,0.741204949862641,2019_07_02,A1,1
942.942942942943,0.795652591867787,2019_07_02,A1,1
943.943943943944,0.495041206811031,2019_07_02,A1,0
944.944944944945,0.592331849802383,2019_07_01,A2,0
945.945945945946,0.593209430785575,2019_07_01,A2,1
946.946946946947,0.423723741453763,2019_07_01,A2,0
947.947947947948,0.465404596505938,2019_07_01,A1,0
948.948948948949,0.497720699182225,2019_07_02,A1,0
949.94994994995,0.632676376532683,2019_07_01,A1,1
950.950950950951,0.487938197107184,2019_07_02,A2,0
951.951951951952,0.731013755155474,2019_07_02,A2,1
952.952952952953,0.437423028790478,2019_07_02,A1,0
953.953953953954,0.572188230203663,2019_07_02,A2,0
954.954954954955,0.495892441080372,2019_07_01,A1,0
955.955955955956,0.555864791579406,2019_07_01,A2,0
956.956956956957,0.517136267318885,2019_07_01,A2,0
957.957957957958,0.705400431400149,2019_07_02,A2,1
958.958958958959,0.52848836401161,2019_07_02,A1,0
959.95995995996,0.522385428000866,2019_07_02,A2,0
960.960960960961,0.643251084658104,2019_07_02,A2,1
961.961961961962,0.566457626506622,2019_07_02,A1,0
962.962962962963,0.509826058485074,2019_07_01,A2,0
963.963963963964,0.535450187879426,2019_07_02,A1,0
964.964964964965,0.495513215285639,2019_07_01,A1,0
965.965965965966,0.572005860772474,2019_07_02,A1,0
966.966966966967,0.466180384897037,2019_07_02,A1,0
967.967967967968,0.590047021645541,2019_07_01,A1,0
968.968968968969,0.497992102467783,2019_07_01,A2,0
969.96996996997,0.428461244894098,2019_07_02,A1,0
970.970970970971,0.50640522074554,2019_07_02,A1,0
971.971971971972,0.465947417126256,2019_07_02,A1,0
972.972972972973,0.750102095564657,2019_07_02,A1,1
973.973973973974,0.46736880103488,2019_07_01,A2,0
974.974974974975,0.477690828339261,2019_07_02,A1,0
975.975975975976,0.405522963452723,2019_07_01,A2,0
976.976976976977,0.477384684037546,2019_07_02,A1,0
977.977977977978,0.378806033668552,2019_07_01,A2,0
978.978978978979,0.420804858825714,2019_07_01,A1,0
979.97997997998,0.718531555475573,2019_07_02,A1,1
980.980980980981,0.539290007932542,2019_07_01,A2,0
981.981981981982,0.521272878089248,2019_07_02,A1,0
982.982982982983,0.451651192843539,2019_07_01,A2,0
983.983983983984,0.497614432192901,2019_07_02,A1,0
984.984984984985,0.499819873045472,2019_07_01,A2,0
985.985985985986,0.534925603133793,2019_07_02,A1,1
986.986986986987,0.575169915088358,2019_07_02,A1,0
987.987987987988,0.543868114528784,2019_07_01,A2,0
988.988988988989,0.488951791308517,2019_07_01,A1,0
989.98998998999,0.501344291949727,2019_07_01,A1,0
990.990990990991,0.672333539428465,2019_07_01,A1,1
991.991991991992,0.397913256578786,2019_07_02,A1,0
992.992992992993,0.48764113087397,2019_07_01,A1,0
993.993993993994,0.46590078760011,2019_07_02,A1,0
994.994994994995,0.5950142337741,2019_07_01,A2,1
995.995995995996,0.485944985355702,2019_07_02,A2,0
996.996996996997,0.875383259181948,2019_07_02,A2,1
997.997997997998,0.532042143063351,2019_07_02,A1,0
998.998998998999,0.47144105051086,2019_07_02,A2,0
1000,0.694464401906334,2019_07_01,A1,1
